id_w1,ppethm,ppeducat,sex,ppincimp,ppwork,xparty7
15385,0,2,1,9,1,6
21105,0,1,0,7,1,3
21275,0,1,0,10,4,0
21988,0,3,0,17,0,5
33907,4,1,1,12,0,5
39659,0,1,0,12,4,6
47437,0,2,1,12,4,3
80145,0,3,1,15,0,1
58056,4,2,0,12,4,0
66951,0,2,0,17,0,2
68286,0,2,0,17,0,1
71498,0,2,1,11,4,0
80913,0,3,1,17,0,6
86448,0,2,0,17,0,2
95928,0,0,1,18,4,0
96719,0,1,1,8,4,4
99064,0,2,1,8,4,0
102853,0,2,1,6,4,6
103607,0,1,0,14,4,6
104067,0,2,0,15,4,6
105155,0,1,0,13,0,6
111478,0,3,0,15,4,2
116583,4,2,1,11,5,1
117734,4,2,0,7,0,5
119737,0,3,0,11,0,1
120901,0,2,0,10,0,1
121780,3,1,0,14,4,0
122851,0,2,1,15,0,2
123915,1,3,0,15,0,4
146669,0,3,0,14,0,0
150859,0,3,0,15,4,2
159894,0,3,1,18,0,4
160928,0,3,1,15,0,4
161140,0,2,0,12,4,0
165759,0,2,1,15,0,2
1552549,3,0,0,15,0,4
172976,0,1,0,11,4,2
173659,0,3,0,11,0,5
175221,0,1,1,9,4,5
179437,2,1,0,13,0,6
190795,0,2,1,14,0,1
192394,1,1,1,11,1,6
1023268,0,2,0,15,0,6
1460730,0,0,0,7,4,4
230240,0,2,1,11,4,6
264195,0,3,1,17,0,4
282530,0,3,0,15,0,2
283325,3,1,1,9,6,6
284139,0,2,0,18,0,0
295617,0,3,1,12,4,6
296049,0,1,0,3,4,0
296090,0,3,0,10,1,6
296329,3,2,0,10,0,1
296672,0,3,0,19,4,2
298225,0,2,1,12,4,1
298798,0,2,1,8,5,0
300967,0,1,0,17,4,2
301226,2,2,0,15,0,4
301691,0,2,1,16,4,6
310191,0,3,1,18,6,6
310518,0,3,0,18,4,4
311075,0,3,1,15,0,2
311260,4,3,1,16,1,4
311516,0,2,1,14,4,0
311596,0,2,1,5,4,0
311755,0,3,0,16,0,0
311952,2,2,1,18,4,5
312893,0,3,0,20,1,0
734174,0,1,1,8,0,3
313159,0,2,1,14,0,1
314109,0,3,1,20,0,2
314233,0,3,1,19,0,1
314584,0,3,1,18,0,6
315345,0,3,0,16,4,2
315390,0,2,1,15,0,6
315622,4,2,0,17,6,2
315785,0,3,1,14,0,1
316563,0,2,0,7,0,6
316617,0,1,1,12,4,0
316716,0,1,1,3,5,5
317117,0,3,0,15,4,6
317805,2,3,0,18,0,5
317949,0,3,0,20,0,4
318118,2,2,1,19,0,6
318227,0,1,1,10,0,5
318483,4,2,1,13,0,4
318949,0,2,1,15,0,1
319249,0,3,1,14,3,1
319313,0,3,0,15,4,6
319333,0,3,0,14,4,2
322658,1,3,0,19,0,5
326091,0,1,0,12,0,6
326118,0,1,0,11,4,4
326776,0,1,0,7,4,0
327253,2,3,0,18,0,4
327644,0,3,1,18,4,4
327707,0,2,1,12,0,6
327831,0,1,0,16,1,6
1086975,0,2,1,15,6,0
331474,0,1,0,11,4,1
331698,0,2,0,15,0,0
331721,0,3,1,20,0,5
332044,0,2,0,0,0,4
333036,0,3,1,15,0,4
333429,0,1,1,14,4,0
334138,0,1,1,9,0,0
334496,0,2,0,16,0,4
334797,0,3,0,15,0,1
334888,0,3,0,8,4,0
334984,0,3,1,15,4,0
335133,0,1,1,15,0,2
335460,0,1,0,5,4,2
1181501,0,2,1,12,0,1
336229,0,3,1,11,0,0
336462,0,3,0,19,4,1
336785,0,3,0,19,0,4
336801,0,3,1,16,4,5
337479,0,2,1,12,0,2
337487,0,1,1,11,4,2
337983,0,3,0,17,4,6
338553,0,3,0,19,4,0
338870,0,3,0,8,4,6
338886,0,1,0,14,4,5
339391,1,3,0,10,0,5
350107,0,2,1,17,0,5
351571,3,3,0,19,1,2
352249,0,3,1,14,0,0
352381,0,3,0,20,0,0
1074943,0,2,1,8,0,0
353491,0,1,1,15,6,4
353608,1,1,0,14,0,6
353631,3,3,1,17,0,6
353858,1,3,0,13,0,4
473235,1,2,0,12,0,4
354424,0,1,1,15,0,0
354974,2,3,0,14,0,0
1065418,4,3,0,11,0,6
355872,3,2,1,11,0,6
355989,0,2,0,16,0,2
356055,0,1,1,14,0,4
358420,0,1,1,8,0,2
358602,0,1,0,10,4,4
358610,0,3,0,15,4,5
359737,0,1,1,14,4,5
359810,0,2,1,11,4,4
360244,0,2,1,12,0,0
360847,0,1,0,11,5,0
361198,0,3,1,15,0,0
361297,0,1,1,16,0,0
724148,0,3,1,13,0,6
361645,0,1,1,16,1,1
1084788,0,3,0,17,1,2
361993,3,3,0,16,4,4
362367,0,2,0,14,0,2
362976,0,1,0,12,0,4
864333,3,2,0,11,0,6
1445344,0,3,0,19,0,4
363613,0,1,0,14,1,1
364591,0,3,1,13,0,1
365239,0,2,0,12,0,3
365509,2,3,0,15,4,5
365742,0,1,0,9,4,4
366208,0,3,0,18,0,2
366747,0,2,1,12,6,1
367017,0,2,0,17,4,6
367166,0,2,1,15,0,0
367957,0,1,0,9,4,0
369020,0,3,1,15,4,2
369168,0,3,0,15,4,0
369459,0,0,1,6,5,5
369496,0,1,1,13,0,1
369548,0,2,1,5,4,6
369844,0,2,0,19,4,6
370050,0,1,0,14,2,0
370498,0,2,0,19,0,2
370564,0,3,0,16,0,6
371027,1,1,1,5,0,6
371068,0,2,0,12,4,0
371211,0,3,0,19,4,6
1090317,2,2,0,17,0,0
372066,2,3,0,18,0,2
372114,0,1,0,10,5,5
372241,0,2,0,17,0,4
372348,0,3,1,12,4,1
372458,2,3,0,8,4,1
372594,1,0,1,10,4,6
372602,0,1,0,11,6,2
372642,0,0,0,11,1,4
372699,0,3,0,12,0,5
373031,0,3,0,17,0,5
373221,0,1,0,15,0,1
373364,0,2,1,11,4,4
373835,0,1,0,11,0,0
374072,0,1,0,18,0,6
374719,1,3,1,17,4,5
374751,0,1,0,5,0,0
374815,0,3,1,15,0,2
376046,0,1,1,8,4,0
376132,0,2,1,17,4,6
376235,0,3,0,19,0,5
376541,3,2,1,13,0,6
377133,0,3,0,17,4,0
378814,0,3,0,14,4,1
379234,0,2,1,15,0,0
379275,0,1,1,6,4,2
379297,0,3,0,16,0,4
379640,1,2,0,7,0,5
381097,0,3,1,15,0,0
381170,0,3,0,6,5,6
382397,0,3,1,10,4,4
382850,4,2,1,12,3,2
383062,0,1,1,12,0,0
383235,0,1,1,12,0,2
383341,2,3,1,17,6,4
383678,0,3,1,14,0,0
383888,0,3,0,15,0,6
385287,0,2,1,15,6,0
385671,0,3,1,15,4,0
386561,0,2,1,16,6,1
387814,0,2,0,14,1,2
388520,0,1,0,8,4,2
388581,0,3,0,14,0,5
390074,0,3,1,17,0,6
390305,0,1,1,6,1,6
1120482,1,2,0,11,0,6
391390,0,1,0,10,0,5
391750,0,2,0,10,4,5
391981,0,2,1,13,4,0
393173,0,1,1,15,4,5
394379,0,3,0,20,0,5
394579,0,3,1,3,5,6
394828,0,3,1,17,3,6
395108,0,3,0,15,0,0
395252,0,3,0,18,1,4
396156,0,3,0,10,0,2
396220,0,2,0,10,0,6
396251,0,1,1,13,0,6
584990,0,2,0,5,3,1
397358,0,3,1,14,4,5
399477,0,1,0,13,4,1
399742,0,3,0,17,0,1
400773,0,0,1,11,6,2
400777,0,2,1,12,0,5
402306,0,3,0,17,4,1
402963,1,3,1,8,0,6
403668,3,1,1,13,0,3
405127,0,1,1,6,4,1
405161,0,2,1,6,0,6
957131,0,0,0,12,3,5
406035,0,3,0,13,0,1
407248,0,2,0,19,0,4
407296,0,3,0,13,0,0
409835,0,2,0,12,0,6
410123,0,1,0,9,1,1
410899,0,2,1,9,0,1
411013,0,3,0,20,0,6
411473,0,3,0,20,0,0
1160496,0,2,1,5,0,0
413178,0,3,1,9,1,6
413333,0,1,1,12,0,6
413496,1,3,0,15,0,6
413791,0,0,0,10,5,0
413826,0,3,0,19,0,6
414222,0,2,1,9,0,1
414430,4,0,0,7,5,4
414741,1,1,0,12,0,4
414884,0,1,1,6,4,0
415184,0,2,0,10,4,6
415833,2,3,1,15,4,0
416258,0,3,1,10,0,6
416469,0,3,0,16,4,6
416710,3,3,0,20,0,0
416730,0,3,1,11,0,0
417682,0,2,0,18,0,6
418564,0,3,0,18,0,1
765400,0,1,0,12,0,1
421488,0,3,0,20,0,0
421889,0,1,1,15,0,1
421986,1,1,1,4,4,6
425352,0,1,0,4,0,6
586000,0,2,1,12,0,5
426197,0,2,1,10,0,6
427335,0,1,0,12,0,6
427711,0,3,0,12,4,0
428375,0,2,1,9,0,4
430241,0,3,0,18,4,1
1073471,0,3,0,15,0,1
430862,0,1,0,15,4,2
431071,0,2,1,2,5,2
431154,0,1,0,12,0,2
431270,0,2,1,11,0,2
431488,0,3,0,12,0,0
431574,0,2,1,15,6,2
1152479,0,1,0,18,0,0
432429,0,3,1,13,0,2
432648,0,3,0,17,0,4
432762,3,3,0,19,0,2
432849,0,3,1,12,4,0
433138,0,1,1,13,4,1
433302,0,2,1,17,0,1
433310,0,2,0,11,4,0
433591,0,3,1,20,4,6
434114,0,2,0,14,0,4
434216,0,1,0,10,0,6
434517,0,3,0,16,0,1
434538,0,2,0,13,0,1
434841,0,3,1,18,4,4
434940,4,2,0,15,0,0
435056,1,3,1,13,0,6
435534,2,3,1,20,0,6
436817,0,3,1,16,0,2
437113,0,3,1,7,4,6
437129,3,2,1,17,0,6
437161,0,2,0,14,0,6
437358,0,2,0,17,0,3
437586,0,3,0,20,4,1
437698,0,1,1,1,1,2
437963,0,1,1,14,6,6
438591,0,2,1,10,1,1
438629,0,3,1,14,4,6
440298,1,2,1,7,4,6
440380,0,1,1,7,4,0
440715,0,2,1,15,0,4
441131,1,3,1,15,0,1
441168,0,2,0,4,1,5
441224,2,3,0,17,0,4
441275,0,2,1,18,1,2
441300,0,3,1,15,0,0
442795,0,2,1,7,6,0
442848,0,2,1,12,0,3
443468,3,1,1,14,0,2
444017,1,3,0,17,0,6
444231,0,2,1,15,0,5
444519,0,3,0,6,4,4
444911,0,2,0,7,0,4
444941,0,2,0,17,0,0
445259,0,2,1,5,0,2
451731,0,2,1,12,0,5
451949,0,2,1,16,4,1
454581,0,3,0,18,0,2
455964,0,3,0,12,4,6
457482,0,2,0,14,4,4
457638,0,3,0,12,4,1
458932,0,1,0,13,0,5
459814,0,3,0,20,4,0
459944,0,0,1,4,6,0
460412,0,1,1,15,0,0
460492,0,2,0,17,0,4
460933,0,3,0,15,0,5
460941,1,1,1,15,0,5
461116,1,1,0,4,4,6
461740,0,2,1,13,0,0
464110,0,1,1,12,4,6
464764,0,3,0,19,4,6
1077309,0,3,0,18,0,3
465462,0,1,0,14,0,0
466858,0,3,0,19,4,0
467503,2,3,1,16,0,1
469672,0,1,1,13,0,0
469694,2,3,1,18,3,5
470156,1,3,0,14,0,6
470342,0,3,1,18,6,5
472182,0,2,1,18,4,5
472356,0,2,0,16,0,2
472712,0,3,1,6,4,6
472916,1,2,0,16,0,6
473024,0,3,0,10,0,2
474026,0,1,0,15,1,4
474142,1,3,1,12,0,5
474227,0,2,1,16,4,5
474799,0,3,1,15,0,6
475980,0,2,0,14,0,0
477407,0,3,1,13,0,5
477441,0,2,1,9,1,4
478888,0,2,1,4,4,5
479097,0,3,0,12,4,4
479466,1,3,1,12,0,4
485132,0,1,1,18,0,0
485625,0,3,0,14,0,6
486060,0,2,1,14,4,0
707869,4,1,1,9,5,2
487717,0,2,1,18,1,2
488586,4,3,0,12,4,4
489762,0,2,0,19,4,2
489806,0,2,1,15,4,1
490250,0,1,1,14,0,4
490418,0,3,1,14,1,6
491205,0,2,1,8,4,6
1031695,0,2,0,17,0,1
491641,0,1,0,8,0,5
491783,0,2,0,0,4,2
491997,1,3,0,12,0,5
492078,0,1,0,12,1,3
492131,0,1,0,6,4,6
492181,0,1,1,12,4,0
492408,0,2,0,11,4,0
494173,0,2,0,15,0,6
1107543,1,1,0,8,0,6
494898,2,3,0,13,4,4
498249,0,2,0,18,0,0
498626,0,3,0,19,0,6
499642,0,1,1,10,4,4
499760,3,1,1,9,0,4
500913,1,2,1,13,4,6
502066,3,1,0,10,0,6
502312,0,2,0,15,0,1
503570,0,2,1,17,0,2
503994,0,3,1,15,4,6
505391,4,2,1,10,0,4
505712,0,3,1,20,1,6
506429,0,2,1,11,4,5
506431,1,3,1,10,0,6
506647,0,1,1,14,0,0
1008533,2,2,0,17,0,0
506880,0,3,0,18,0,5
506981,0,3,1,15,0,4
507142,0,3,0,17,1,4
508225,0,1,1,12,0,1
508699,0,3,0,16,0,3
508952,1,1,1,13,0,6
509571,0,2,1,15,6,1
510833,0,3,0,16,0,3
511723,0,1,1,13,4,6
512505,0,2,0,15,4,6
513472,0,3,0,18,1,1
513626,4,3,0,18,0,1
514115,4,1,1,11,0,1
514850,0,1,0,18,1,1
516008,0,3,1,17,0,6
517071,0,3,1,15,1,1
517942,1,3,0,14,0,2
519954,0,2,1,11,4,1
521672,0,1,0,11,4,1
521674,0,3,0,15,0,0
521987,3,2,1,19,0,5
522178,3,0,1,3,4,6
523643,0,2,1,0,4,4
524446,0,3,0,19,0,0
524497,0,2,1,11,0,5
524581,0,3,0,19,0,4
524751,3,1,1,12,0,4
524756,2,2,1,12,0,2
526022,0,3,1,14,4,2
526029,0,2,1,12,4,6
527127,0,2,1,6,6,1
527702,2,3,0,12,0,4
530569,0,2,1,7,3,2
531098,0,2,1,19,4,5
531894,0,3,0,12,0,0
532101,0,1,0,7,4,1
533720,0,3,0,15,0,6
533904,0,2,1,13,4,2
534102,0,3,0,15,0,0
535951,0,2,1,10,0,0
1439867,0,2,1,15,0,4
537916,0,1,0,7,0,1
539733,0,0,0,8,4,2
539897,0,1,0,16,0,6
543442,0,3,1,15,0,2
544140,0,1,1,19,4,0
544346,1,2,0,12,0,4
545010,0,3,0,14,4,6
546129,0,3,1,17,4,6
547295,0,1,1,12,0,5
1314167,0,3,1,15,0,5
1418996,1,2,1,12,5,6
552223,0,1,1,11,0,0
553479,0,3,0,20,0,0
553818,0,1,1,8,4,1
554171,2,2,0,12,3,5
554567,0,1,1,15,4,1
554865,0,3,1,15,0,4
557342,0,3,1,20,0,0
557755,0,3,0,15,0,2
557932,0,1,0,14,4,5
559363,0,1,1,15,4,4
559725,0,3,0,15,0,1
559944,0,3,1,15,6,1
560176,0,3,1,18,0,6
560252,0,1,0,14,0,0
560506,0,3,1,19,0,4
562239,0,2,0,11,0,0
1418532,3,3,0,13,0,4
562773,0,3,1,9,4,5
563076,0,3,1,12,0,5
564753,0,3,0,0,4,1
565153,0,1,1,7,4,6
1554352,0,2,0,15,0,5
565976,0,3,0,12,0,6
566082,0,2,1,7,0,4
566933,0,3,1,13,4,4
566990,0,1,1,9,0,4
567335,0,3,0,14,0,1
567337,0,3,1,19,0,6
567949,0,3,1,15,0,0
568080,0,3,0,17,4,1
568102,0,3,1,15,4,0
568843,0,3,0,16,0,0
568846,0,3,0,15,0,1
569568,0,3,1,8,0,6
570009,0,3,0,17,0,4
570232,0,3,0,1,0,4
570245,0,1,1,16,0,0
1158774,0,3,0,15,0,1
1189602,3,2,1,12,0,6
572356,0,2,1,10,4,2
572449,3,0,1,7,4,5
572459,0,2,1,15,0,2
572720,1,2,0,11,4,6
573140,0,1,1,12,0,4
573427,0,3,0,6,1,1
573592,0,3,1,17,4,0
574145,0,3,1,17,1,6
575388,0,2,1,11,4,2
575633,0,2,0,11,4,1
575911,0,2,0,19,0,2
576214,4,2,1,15,6,5
577140,3,2,1,10,0,6
577432,0,1,1,6,4,2
577604,0,3,0,5,0,5
577765,0,3,1,17,4,2
578549,0,0,1,2,4,4
578782,0,1,1,12,0,5
579430,0,1,0,11,4,2
579607,0,1,1,15,0,2
580354,0,3,0,15,4,4
580807,3,2,1,1,4,6
582166,3,3,0,15,0,0
582763,0,3,1,19,4,2
583602,0,2,1,10,3,5
584255,0,2,0,18,0,2
585072,0,3,0,15,4,5
585420,2,3,1,18,0,6
585507,3,1,1,7,0,2
585573,0,3,0,13,0,2
585590,3,3,0,15,0,1
586179,0,3,1,14,4,5
586272,0,3,1,17,0,6
586547,0,1,1,15,1,0
586714,3,3,1,19,4,2
587705,0,3,1,18,0,4
589275,0,3,1,12,0,6
590519,0,2,1,17,0,1
591102,0,2,0,7,4,1
591280,0,2,0,15,0,2
592100,0,1,1,10,1,6
592342,0,1,0,14,4,3
592850,0,2,0,18,0,1
593218,0,3,1,15,0,4
593292,0,3,0,8,4,2
954144,0,2,1,8,4,0
594092,0,3,1,15,0,6
594493,2,2,0,12,4,2
594641,0,1,1,10,0,2
594922,0,3,1,19,1,6
596434,0,2,0,14,4,4
596793,0,2,1,13,0,2
597055,0,3,0,18,0,0
597060,0,2,0,12,0,0
597061,0,2,1,18,4,0
598043,0,3,1,17,6,6
598224,0,3,0,10,4,4
598643,0,3,0,3,1,2
599446,0,3,1,17,0,6
599463,0,2,1,4,0,4
601497,0,1,0,2,0,2
601652,0,3,1,16,0,5
1139953,0,3,1,16,0,0
601921,0,3,0,11,0,2
602347,0,1,1,13,4,0
602597,0,2,1,8,4,6
602647,0,2,1,17,0,1
603238,0,2,0,12,0,4
603269,0,1,1,10,0,6
603425,0,3,1,5,4,5
603581,0,1,1,12,0,5
604316,0,3,1,14,0,2
604824,0,2,1,5,0,5
605520,0,3,0,11,0,5
605667,1,2,0,13,4,4
605758,0,3,1,15,0,0
606343,0,2,1,8,4,5
607674,0,1,1,10,4,6
608656,4,3,0,13,1,0
608668,0,3,1,15,0,2
609288,0,2,0,15,4,1
609322,1,2,0,12,0,5
609552,0,1,1,10,0,0
610033,0,3,1,19,4,5
611895,0,3,0,17,0,2
612818,0,3,1,12,0,2
612867,3,1,0,12,3,4
612969,0,0,0,9,0,4
613372,0,3,0,15,4,6
613674,1,3,0,15,0,2
614843,0,3,0,17,4,0
615389,0,3,1,14,4,1
615568,0,3,1,15,0,4
615890,0,2,0,11,3,4
616364,0,3,1,12,0,2
616443,0,3,1,10,0,3
616524,0,3,1,19,0,6
616614,0,2,0,15,1,2
617186,0,0,0,12,0,5
617254,0,3,1,15,6,1
618131,0,3,1,19,0,6
618505,2,1,0,15,0,2
618607,0,3,1,10,4,2
619075,0,3,1,0,0,4
619148,0,1,1,11,0,3
620306,0,1,0,10,4,1
620344,0,3,1,17,0,4
620401,0,3,0,14,4,0
620479,0,3,1,20,0,4
620694,0,2,0,16,0,1
684319,0,3,1,3,0,4
621276,0,3,0,13,4,0
621472,0,2,0,18,0,4
621543,0,2,0,11,4,0
622054,0,3,0,18,4,1
622502,4,3,0,15,4,4
622931,0,3,1,15,4,4
623182,0,3,1,20,1,1
624708,0,2,0,12,4,2
624749,1,3,0,19,0,5
625039,0,1,1,6,0,4
625220,1,3,0,14,0,0
625303,0,3,1,15,4,6
625563,1,2,1,16,4,5
625679,0,3,1,17,0,2
625986,0,3,1,11,4,6
626453,0,3,0,17,0,0
626507,0,1,0,12,0,2
626622,0,1,1,8,4,5
627641,0,1,1,13,4,4
628158,4,0,1,2,4,5
628471,0,1,1,17,6,4
628658,0,3,0,14,4,1
628811,0,3,0,19,4,2
628988,4,2,0,18,1,6
629227,0,3,0,14,0,5
629666,0,1,1,10,4,1
629689,0,1,0,11,0,2
629692,0,1,1,3,5,5
630429,0,3,1,16,0,2
631968,0,2,0,6,4,4
632240,0,1,1,12,0,0
632871,0,3,0,16,0,6
633053,0,3,0,19,0,4
633134,0,2,1,10,1,0
633385,0,2,0,14,0,4
633448,3,1,1,11,1,5
633708,0,3,1,15,0,6
633712,0,3,0,16,4,3
633793,0,2,0,17,0,1
634102,1,1,1,12,4,6
634569,0,2,0,16,0,2
634820,0,2,0,12,4,0
635539,0,2,0,16,3,1
635559,1,2,1,3,4,6
635591,0,1,0,8,0,1
635686,0,3,0,15,4,6
635729,0,1,0,8,0,0
635874,0,3,1,11,0,4
637197,0,2,1,15,4,1
637753,0,3,0,18,0,2
637866,0,1,0,13,0,0
638092,0,1,1,12,1,1
638423,1,3,1,15,0,6
638889,0,3,0,18,0,1
639147,2,3,0,16,0,5
639703,1,2,0,15,0,6
640203,0,3,1,15,0,0
641724,0,3,0,15,0,0
641988,0,2,0,18,0,6
642088,0,2,1,16,0,5
642209,0,2,1,14,0,0
642425,0,1,1,18,0,1
643161,0,3,0,19,0,6
643541,0,2,0,15,0,0
643729,0,1,0,13,4,5
643743,0,2,1,14,0,6
644692,0,3,0,10,4,0
645251,0,2,1,17,0,1
645254,1,0,0,6,4,5
645432,0,3,1,13,4,6
645843,0,3,1,15,0,6
645917,0,3,0,16,4,2
645919,0,3,1,20,0,4
646014,1,2,1,5,5,5
646046,0,2,0,15,0,6
647119,0,2,1,20,1,5
647193,0,1,1,16,4,0
647730,0,1,1,15,0,0
649102,0,3,1,9,0,1
649339,0,0,1,6,3,3
649464,0,2,1,10,4,5
649734,0,2,0,15,1,2
651303,0,1,0,14,0,5
651845,0,2,1,11,0,2
652139,0,3,1,18,0,2
653733,0,2,0,13,0,1
653796,0,1,0,6,4,1
654183,0,3,1,9,4,4
654806,0,3,0,15,4,4
655082,0,3,0,16,1,5
655633,0,3,1,15,0,6
656128,0,3,1,12,0,4
656143,0,2,1,12,4,6
656156,0,1,1,8,0,2
657597,0,2,1,20,4,2
657655,0,3,0,16,4,1
658232,0,1,0,15,0,0
658377,0,3,1,12,0,2
659446,0,0,1,13,4,2
659478,0,3,1,16,4,6
659484,0,2,1,7,3,0
660062,0,3,0,15,0,4
660073,0,0,1,5,5,0
660367,0,3,1,20,0,6
660707,0,1,0,7,0,6
661167,0,2,0,14,4,1
662114,0,3,1,12,0,4
662188,0,2,1,7,4,2
662375,0,3,1,15,0,4
662411,4,3,0,18,4,0
1111689,1,3,1,12,0,6
662930,0,3,0,13,0,5
663568,0,3,0,18,4,0
664223,0,2,0,15,0,2
664421,0,1,0,11,4,0
664737,3,1,1,14,0,3
665304,0,2,1,16,0,6
665711,0,1,1,16,4,6
665897,0,2,1,20,4,1
666030,0,2,1,15,0,6
666069,1,1,0,10,0,6
667838,0,3,1,20,0,0
667994,0,1,1,5,4,6
1495715,0,2,1,20,0,6
668213,0,3,1,15,1,1
669372,1,2,1,3,5,5
669753,0,2,0,19,0,0
671153,0,3,0,19,4,6
671380,0,3,1,15,0,4
674471,0,3,1,19,0,2
675552,0,2,1,15,0,5
675661,0,2,1,17,0,1
675703,0,2,1,11,1,1
675912,0,2,0,15,4,2
677466,0,1,1,11,4,0
677537,4,1,0,13,0,5
677930,0,3,0,18,0,2
678093,0,2,0,8,0,4
678313,0,3,0,20,4,2
678889,0,3,1,10,4,4
679559,1,2,0,8,4,6
680122,0,3,0,15,0,2
680136,0,2,0,15,4,2
680636,3,2,0,4,4,6
681110,0,3,0,9,1,1
681450,0,3,1,12,0,1
681601,0,2,1,14,4,1
681801,0,1,0,10,4,5
682358,0,1,1,4,3,5
683076,0,3,0,15,0,6
683154,1,2,0,14,4,6
683858,0,2,1,15,0,5
684061,0,2,1,9,0,6
684147,0,3,0,19,0,4
684501,0,2,0,5,1,0
685336,0,3,1,10,4,0
685819,0,3,0,20,0,0
686590,0,3,1,16,4,6
686885,1,3,0,15,0,2
686953,4,3,0,11,0,6
688463,0,2,0,13,0,2
688520,0,2,1,16,0,4
688556,0,3,1,19,1,6
688740,0,2,0,14,5,4
689903,0,3,1,18,0,6
782911,0,0,0,9,5,6
987748,0,2,1,15,0,5
690525,0,3,1,5,0,1
690642,1,2,1,14,4,6
691447,0,2,1,11,4,5
691541,1,2,0,17,4,6
691971,0,3,1,9,0,6
692002,0,3,0,13,0,2
692461,0,1,1,14,4,0
692623,0,2,1,13,0,4
693544,0,2,1,12,0,6
694048,1,3,0,16,1,2
694508,0,2,0,15,4,0
695336,0,1,0,15,0,4
695422,0,2,1,5,5,4
696132,0,3,1,16,4,6
697439,0,3,0,15,4,1
1408033,2,1,0,16,0,5
698505,0,3,1,14,1,6
878166,0,2,1,11,6,2
1076518,0,2,1,12,6,1
700154,0,2,0,12,4,0
701297,0,3,1,16,5,1
701560,0,2,0,13,0,1
701598,2,3,0,17,3,2
702022,0,1,1,13,0,1
702938,0,3,1,12,0,0
703892,0,2,0,15,0,0
705544,2,2,0,14,0,1
706770,0,1,0,9,0,6
706830,0,2,1,13,0,2
707210,0,3,0,20,0,4
707600,0,1,0,15,0,5
1208033,0,2,1,1,0,2
708602,2,0,1,2,5,5
708778,0,1,1,10,0,5
709064,0,1,1,11,4,4
709074,0,3,0,20,1,0
709106,0,2,1,13,6,0
709590,0,3,0,18,4,6
710311,0,3,0,19,4,5
710617,0,1,0,12,0,5
710875,0,2,0,5,4,4
710943,0,1,1,3,5,4
711621,1,3,1,15,0,6
711853,0,2,0,15,0,6
711982,0,3,1,15,0,6
712209,0,3,1,14,0,6
713029,0,2,0,17,0,0
713086,0,3,0,12,4,6
713215,0,3,1,17,0,6
713483,0,3,0,14,0,0
713678,0,0,0,16,0,2
714273,0,3,0,13,0,6
715163,0,2,0,11,4,4
716097,0,3,0,20,1,0
716381,0,0,0,9,4,2
716849,0,1,1,14,0,1
717233,0,2,1,12,0,1
717627,0,1,1,17,4,3
717756,0,3,0,18,0,1
718717,0,1,0,13,4,5
718794,2,3,0,16,0,4
718864,0,1,1,16,4,1
719607,0,3,1,11,0,4
720169,0,2,0,15,0,3
720192,0,3,0,16,4,5
721040,0,3,0,17,0,6
721043,0,3,1,15,1,5
721276,0,2,1,11,1,0
721789,0,2,1,12,4,0
722827,4,2,1,8,0,2
723134,0,2,0,19,0,0
723171,1,2,1,12,0,6
724378,0,1,1,20,6,0
724876,0,2,1,15,6,4
725512,0,3,0,17,0,2
726364,0,2,1,18,4,3
726555,1,0,0,0,5,2
726914,0,3,1,6,4,4
726963,1,3,0,12,1,6
727265,0,3,0,7,4,0
727554,0,1,0,13,4,1
727895,0,3,1,16,0,6
728412,4,3,0,11,0,4
729033,0,3,0,18,4,0
730290,0,3,1,18,0,5
730850,0,3,1,14,0,1
730986,2,3,1,3,0,0
731874,2,0,1,6,4,2
732691,0,2,1,12,1,1
733024,3,3,1,17,4,4
733197,0,2,1,17,4,6
733618,0,1,1,7,4,0
735027,0,3,1,19,0,6
735662,0,2,1,13,0,6
736069,0,2,1,15,4,2
736071,0,1,1,10,0,1
736211,0,3,1,13,0,6
736805,0,2,1,11,0,0
737021,0,3,0,20,0,6
738092,0,3,1,7,4,0
738252,0,3,0,17,0,2
738548,0,0,0,2,5,3
738821,2,2,1,12,0,6
739276,0,1,1,15,4,0
740655,0,2,1,6,0,2
740752,0,3,0,12,0,2
741067,0,3,1,19,1,4
741152,3,3,1,3,0,2
741411,0,1,0,13,0,2
741850,3,1,0,0,1,4
741974,0,3,0,19,0,2
742626,0,2,0,13,0,1
743395,3,3,0,12,0,5
743435,0,1,1,8,0,0
743637,1,1,0,8,0,6
745446,0,3,0,11,4,6
745736,0,1,1,7,1,0
746530,0,3,0,18,0,2
746685,0,0,1,12,0,6
746855,0,2,1,18,0,5
747353,1,3,1,11,0,6
747992,0,1,0,15,0,0
748093,0,1,1,7,3,6
748398,1,2,0,13,0,6
748720,0,3,0,17,1,5
750181,0,2,1,14,0,1
750927,0,0,1,10,0,0
750999,0,1,0,14,4,2
751868,1,2,1,11,0,6
752377,0,3,0,15,0,6
753336,0,3,1,13,4,6
753615,0,1,0,19,4,5
754023,0,3,0,16,0,4
756496,0,3,1,14,0,0
756724,0,2,1,8,0,4
757787,0,3,1,14,4,4
758904,0,1,1,13,4,0
759298,4,3,1,16,1,6
760215,0,3,0,20,0,4
760330,0,3,0,17,0,6
761772,0,2,0,15,0,4
762046,0,2,1,11,4,0
762337,0,2,1,15,1,2
762723,0,2,0,6,1,0
762947,0,1,1,14,4,4
763587,0,2,1,12,0,2
763641,0,2,0,17,0,6
763838,4,3,1,17,0,1
763896,0,3,1,10,1,6
764734,0,1,1,5,0,2
765922,0,2,1,14,4,6
766863,0,2,1,12,4,0
767252,0,2,1,14,4,5
767648,0,3,0,19,4,0
767786,0,1,1,6,0,1
767879,0,1,1,16,6,1
939994,0,1,1,12,4,1
768502,2,3,0,20,4,6
768683,0,2,0,14,0,2
768836,0,3,1,15,0,6
768844,0,1,1,12,6,6
769762,0,3,0,15,0,6
770303,0,2,1,8,0,5
770358,0,3,1,15,0,1
771675,2,3,0,3,0,6
932847,0,2,1,14,4,2
773955,1,3,0,15,4,6
774026,0,2,0,10,0,2
774897,3,1,0,13,0,2
774970,0,3,0,15,4,1
774994,0,3,0,14,4,1
775095,0,2,0,7,0,0
775675,0,3,0,18,0,4
776503,1,1,0,5,5,6
776946,1,1,1,5,3,4
776965,0,3,1,19,4,6
895522,1,2,0,7,0,4
778791,3,3,1,16,3,5
779699,0,3,0,15,1,4
780842,0,2,1,15,0,0
780888,1,2,1,8,4,6
780913,3,3,0,13,2,4
781077,0,1,0,19,0,6
781088,0,2,1,14,0,2
781723,3,2,1,16,4,0
781729,0,3,0,16,0,0
782089,0,3,1,14,4,0
783983,0,1,1,3,4,5
784343,1,2,0,16,0,5
785173,0,2,1,15,4,6
785239,0,2,0,15,1,2
786235,0,2,0,13,0,4
1188153,0,2,1,16,6,5
787785,0,2,0,7,4,0
788267,0,2,1,8,0,0
790614,0,2,1,13,4,0
791101,0,3,1,10,1,6
792551,0,3,0,15,0,5
793415,0,3,0,17,0,0
794659,0,2,1,11,0,0
794683,0,1,0,15,0,4
795303,0,3,1,17,6,6
795677,0,1,1,7,4,0
795966,0,2,0,11,0,4
796014,0,1,0,13,0,2
796249,0,1,1,8,4,0
797110,0,3,1,17,0,5
797177,0,1,0,16,4,6
797507,0,3,1,10,4,2
797737,0,3,1,7,0,6
797956,1,2,0,13,3,6
798495,0,2,1,17,1,1
798973,3,0,0,10,0,3
1260601,0,1,1,13,0,2
799627,0,2,1,12,0,5
799931,0,3,0,16,4,2
800877,0,3,1,12,1,2
1438570,0,1,1,10,6,6
802129,0,3,1,17,4,1
802323,3,3,1,13,4,4
802333,0,3,1,16,4,6
802403,2,2,1,12,0,5
802615,0,3,0,15,4,6
802956,1,3,0,17,4,6
981729,0,1,1,6,1,1
803328,0,2,1,11,5,0
803449,1,3,0,16,0,6
803869,1,1,0,9,0,6
803911,0,3,1,13,6,6
804071,0,2,0,10,0,2
804654,0,3,1,19,0,6
804815,0,2,0,15,0,1
806139,1,2,1,12,0,6
806646,1,2,1,8,3,6
806823,1,2,0,8,4,6
806835,1,1,1,13,0,6
807338,0,3,1,10,0,6
807419,0,3,1,20,4,6
807499,0,1,1,15,0,6
808731,0,3,0,16,0,4
808969,0,3,1,12,4,2
809391,0,3,1,20,0,6
1120489,2,3,0,15,0,4
809675,0,3,0,16,0,0
809829,0,3,0,18,1,6
810193,0,1,0,9,0,6
810803,1,2,1,18,0,6
811166,0,2,0,7,4,6
811313,0,3,1,16,0,1
932871,2,3,0,16,1,4
812650,4,3,0,15,0,1
812698,0,3,0,20,0,2
812820,0,1,1,12,0,4
1099927,1,2,0,5,6,6
813885,0,3,1,16,4,6
814122,0,3,0,13,4,1
932727,0,1,1,15,0,5
825832,0,2,0,7,6,2
816595,0,1,1,14,4,6
816956,0,3,1,16,1,6
817964,0,3,1,19,0,0
818682,3,1,1,3,4,2
905187,2,3,0,5,4,1
820092,0,3,1,11,3,2
820109,1,2,1,14,4,5
820491,0,3,0,14,4,5
820788,0,3,0,16,0,2
820809,0,3,0,15,0,2
821674,0,2,1,6,5,3
822694,0,3,1,12,0,5
823058,0,1,0,10,0,1
823308,1,3,1,15,0,6
824076,0,3,1,14,4,6
824384,1,2,1,15,4,6
824462,0,3,1,18,0,5
824601,2,1,0,15,0,5
824886,0,3,1,15,4,2
824945,0,3,1,14,4,6
825702,0,1,1,15,6,5
826714,0,3,0,19,3,2
826991,0,1,0,12,4,2
827412,0,3,0,13,0,0
827697,0,2,0,12,1,1
828686,0,0,1,5,6,6
829483,0,1,1,10,4,2
829497,0,2,1,12,0,5
1058670,1,3,0,9,0,4
829823,0,1,1,11,3,0
830191,3,2,1,15,4,2
830707,0,3,0,15,4,4
831083,2,3,1,19,0,5
832325,0,3,1,11,4,1
832590,0,3,1,17,4,1
832828,0,3,0,16,0,4
833835,0,3,1,18,0,5
833888,0,1,1,10,0,0
834853,0,3,0,15,0,1
834969,0,3,0,16,0,1
835122,3,1,1,3,0,0
835195,0,1,1,11,4,2
835427,0,3,0,15,0,0
835485,0,2,0,18,4,6
835624,0,3,0,15,3,4
1025137,0,3,1,15,0,0
836063,0,3,1,18,0,1
836353,0,3,0,10,4,6
837137,0,1,0,6,4,4
837525,1,1,0,0,0,4
837535,0,2,1,13,4,0
837539,0,1,1,10,0,6
837670,0,3,0,15,0,4
838368,0,3,1,14,4,6
838627,0,3,1,11,4,5
839968,0,1,1,11,4,1
840754,0,3,0,12,0,6
841830,0,3,0,12,4,6
842424,0,1,1,6,4,6
842489,0,1,0,16,0,5
842842,0,1,0,14,0,0
843586,0,3,0,9,4,5
843678,3,3,0,16,0,0
843705,0,3,1,11,4,2
843730,1,2,0,12,0,1
843735,0,2,1,12,4,6
1032115,0,2,1,1,5,6
844594,0,1,1,12,4,6
844927,1,2,1,15,0,6
845295,0,1,1,7,4,1
845649,0,3,1,20,0,6
845914,0,3,0,18,0,5
846824,0,3,1,17,4,0
848371,0,3,0,5,3,5
848372,0,2,0,10,4,4
848584,0,1,0,15,0,6
848695,0,3,0,15,4,5
848758,0,1,1,6,6,0
850491,0,1,0,8,0,2
851046,0,3,0,7,4,0
851611,4,2,0,18,0,2
852433,0,1,0,9,1,4
852490,0,3,1,12,0,5
853243,0,3,0,17,0,5
853431,1,2,0,12,4,0
853640,0,2,1,13,4,0
853747,0,1,0,14,3,5
853758,0,3,0,19,1,6
853788,0,0,0,9,4,6
853964,0,3,1,6,4,1
855095,0,2,1,10,4,1
855912,0,2,1,8,0,6
856155,0,2,0,17,0,4
856211,0,3,0,17,4,4
859242,3,0,1,9,6,6
859800,0,3,0,14,0,1
859943,0,1,0,8,4,0
860056,0,3,0,15,0,0
861554,0,3,1,16,0,0
863324,0,2,0,13,0,4
863542,1,2,0,13,4,6
863701,0,1,1,13,0,2
864213,0,1,0,11,0,6
1093739,1,1,0,14,4,6
866103,0,1,1,10,1,6
866135,0,2,0,12,4,6
868143,0,2,0,12,0,0
868444,0,2,1,6,0,4
869026,1,2,1,10,4,6
869259,3,2,1,16,0,0
869430,4,2,0,14,3,0
870054,0,2,1,10,5,5
870553,0,2,1,20,4,1
871329,0,3,1,15,1,4
871579,0,3,0,10,0,0
872451,2,3,1,15,4,5
873015,0,1,0,15,0,2
873095,0,3,0,14,4,6
873504,0,1,0,12,0,2
873657,0,3,0,17,0,2
874031,0,1,1,3,5,2
874151,0,2,1,18,0,1
874352,4,0,0,10,5,6
874552,3,3,0,15,0,6
875023,0,3,1,12,4,0
875305,0,2,0,13,0,0
875422,0,1,1,13,4,1
875563,0,3,0,15,0,6
1288652,0,1,0,8,5,4
877222,0,3,1,18,6,0
878349,0,3,1,14,0,4
878540,0,2,0,8,4,5
879709,1,1,1,0,0,5
879929,0,2,0,15,4,6
880050,0,3,1,13,4,0
880203,0,2,1,16,6,6
880617,0,3,1,15,1,2
880892,3,1,1,13,3,5
881022,0,2,1,8,4,6
881534,0,1,0,16,4,5
1015924,0,1,0,15,0,1
882042,0,1,1,10,4,5
883460,0,1,0,10,4,5
883953,0,3,1,19,0,2
884377,0,1,1,10,0,4
884686,0,3,0,19,0,2
884961,0,3,1,19,0,6
885286,0,3,0,18,0,5
885307,0,1,1,11,0,0
885433,2,3,1,11,3,4
885458,3,2,0,0,2,2
885649,0,1,1,14,4,5
885740,3,2,0,16,3,5
885742,0,1,1,6,0,4
885782,0,0,0,12,4,2
885848,4,3,1,16,0,0
885851,0,2,0,15,6,1
885891,0,2,1,6,5,4
886115,0,2,1,20,6,6
886127,0,1,1,12,0,1
886128,0,3,0,13,0,4
886455,0,3,0,16,4,2
886806,0,3,1,19,4,5
886906,0,1,1,18,6,1
886917,0,1,0,13,4,6
887116,0,1,1,15,4,0
887128,4,2,1,10,0,6
887271,1,2,0,7,2,6
887381,0,3,1,13,4,4
1453962,0,1,0,12,5,6
887425,0,3,1,13,0,5
887429,1,2,0,10,0,6
887464,0,1,1,5,5,3
887532,0,1,1,10,4,0
887562,0,1,0,15,4,5
887831,2,1,1,11,0,2
887902,0,3,0,16,4,1
887986,0,3,1,15,0,6
888045,2,3,1,17,1,4
888100,0,2,1,11,0,5
888134,1,2,1,9,4,6
1014358,3,0,1,2,5,4
888278,0,3,0,14,0,1
888621,1,2,0,11,0,6
889059,0,2,0,10,0,3
889074,0,1,0,11,0,1
889106,2,3,0,20,4,1
889134,0,1,1,9,6,1
889306,2,1,1,6,0,5
889454,1,3,1,10,4,6
890015,0,3,1,17,0,6
890161,3,2,1,12,0,1
890290,0,1,1,10,4,0
891758,0,3,0,3,0,4
892314,0,3,1,15,4,6
892329,0,2,1,8,5,6
892611,0,1,0,9,4,0
892654,0,3,0,20,0,0
893727,0,1,0,14,0,0
895696,1,3,0,9,4,5
895698,0,3,1,20,4,1
895769,0,2,0,15,0,2
895944,0,3,0,19,0,0
896416,0,2,0,14,3,6
896703,0,3,0,18,4,5
896901,0,1,1,6,4,2
899335,0,3,0,19,0,6
899679,1,2,1,5,0,6
899684,0,3,1,14,0,1
899733,1,1,1,6,0,4
900066,2,3,1,10,0,5
900074,0,1,1,10,0,5
900181,1,3,1,16,0,6
900245,0,3,1,6,0,6
900824,0,1,1,10,0,5
900933,4,3,0,10,1,2
900948,0,2,0,13,0,2
900969,0,2,0,17,4,4
901106,3,3,1,13,4,0
901161,0,1,1,16,0,0
901168,0,2,1,8,0,4
901227,3,1,1,3,0,5
901245,0,3,1,19,3,4
901449,0,1,1,14,4,2
902474,0,3,1,12,0,6
904732,0,2,0,17,4,0
902692,0,1,1,3,4,0
902739,0,3,1,20,4,0
902988,0,0,0,8,4,2
903154,0,1,0,13,0,4
903249,0,1,1,7,4,2
903336,0,1,0,10,4,1
903471,3,1,0,8,0,4
903743,0,2,0,14,2,2
903955,0,0,1,0,6,4
904097,0,2,0,15,0,4
904178,3,2,1,15,0,6
904405,0,2,0,20,0,0
904568,0,3,0,15,0,4
906125,0,3,0,15,0,5
906891,0,3,0,12,0,2
1326244,0,1,0,17,6,4
910644,0,1,0,12,6,0
910888,1,2,0,7,4,6
910905,0,3,0,17,4,1
910922,0,1,0,8,3,3
910971,0,3,0,16,0,0
1451008,0,2,1,12,5,5
911146,0,2,0,10,0,1
911230,0,2,1,15,1,2
911599,0,3,1,12,0,5
912069,0,1,0,16,0,5
912921,0,3,0,20,6,4
912948,0,3,0,17,0,1
980158,1,1,1,7,3,6
913329,0,3,1,14,0,5
913384,0,1,1,5,5,2
913445,0,2,1,15,4,2
913500,0,1,1,7,0,6
913563,0,3,1,13,0,6
913589,0,2,0,15,0,6
913657,1,2,0,16,0,6
913658,3,1,1,12,0,5
913731,4,3,0,12,0,4
913905,0,3,1,14,0,1
914129,3,1,0,8,5,0
914250,0,3,0,12,0,6
1076514,0,0,1,8,6,5
915282,0,1,1,9,4,1
915610,0,3,0,17,0,6
915712,3,1,0,3,4,6
915788,0,3,1,10,0,5
915896,3,3,1,14,0,5
915968,0,3,1,12,4,2
1023683,0,2,1,15,0,6
917019,0,3,0,16,4,5
918416,3,1,0,3,0,5
918829,3,2,0,15,0,6
919439,0,3,1,20,0,0
920106,1,1,1,13,6,5
1433853,0,2,0,11,0,4
920363,0,1,0,15,0,5
920374,0,3,1,11,6,1
920475,0,2,1,6,4,6
1180933,0,1,0,5,1,4
920930,3,1,0,4,5,5
921548,3,2,1,14,0,5
921562,0,2,0,13,0,0
921614,0,3,0,15,4,2
922358,3,2,0,16,3,6
922367,0,3,0,15,1,1
922508,0,3,1,15,0,2
922984,0,2,1,15,6,4
923066,0,2,0,13,4,5
923202,3,2,0,12,0,5
923627,0,2,0,15,0,4
925051,0,2,1,6,6,1
925220,0,1,0,3,4,4
925575,3,2,1,17,0,4
925905,0,3,1,16,0,4
926348,0,3,1,16,4,2
926824,0,3,1,18,0,1
927592,3,1,1,5,0,6
930790,0,1,0,14,4,2
930954,0,3,0,11,6,6
931552,0,2,0,16,0,1
931761,3,2,0,17,0,0
932668,0,3,1,13,0,6
933027,4,2,0,14,0,1
1377568,0,2,0,12,4,5
933089,0,2,0,8,5,6
933140,0,3,0,20,0,2
933249,0,3,1,19,0,6
934090,0,3,0,15,0,2
934150,0,1,1,14,0,5
934231,0,2,1,4,4,1
934418,0,3,1,15,0,2
934596,4,3,0,13,0,4
934686,0,3,0,17,0,0
934773,0,1,1,10,0,4
934866,0,1,1,7,4,2
935387,0,3,1,15,0,5
936067,0,1,1,12,0,1
936480,2,3,0,20,0,6
937046,0,3,0,15,0,0
937133,0,3,0,17,0,3
937149,0,1,0,11,0,1
937777,0,2,0,12,0,2
937823,0,1,1,10,1,4
937995,0,2,0,15,0,0
938110,0,3,0,16,0,2
938187,0,3,1,11,0,4
938239,3,1,1,13,0,5
938660,0,1,1,11,4,2
939267,0,1,1,14,0,4
939735,0,3,1,6,0,4
940062,0,2,0,12,4,5
940089,0,1,1,6,0,0
940432,3,3,0,11,0,0
940886,4,2,0,10,3,4
941260,0,3,0,16,0,2
1161366,0,1,1,8,4,2
941977,0,3,1,9,0,5
942043,0,3,1,13,0,1
942537,0,1,1,5,4,6
942662,3,2,0,14,0,6
943663,0,3,1,18,4,1
943763,3,2,1,6,0,5
944432,3,0,1,15,4,1
944653,0,3,1,15,0,6
944797,0,3,1,15,0,0
944798,2,3,0,20,0,2
944861,0,3,0,15,0,4
945406,0,1,1,14,0,0
1017266,0,2,1,8,0,3
945678,0,3,1,12,0,1
945829,0,1,1,11,6,0
946235,0,3,1,13,4,6
946365,0,3,0,18,0,6
946430,0,3,1,20,4,2
946533,0,1,0,11,4,6
946640,0,1,1,13,0,6
946885,0,1,0,9,0,5
947229,0,3,0,10,1,2
947278,1,2,0,13,1,5
947569,0,2,0,11,4,2
947780,0,2,1,8,4,5
947807,0,1,1,14,4,2
947896,3,1,1,11,4,1
947917,0,1,1,9,0,6
948007,1,2,0,13,0,2
948675,0,1,1,12,0,6
948987,2,3,1,17,6,4
949123,1,2,1,6,0,6
1381129,0,3,0,3,0,6
950056,0,2,0,11,4,1
950089,0,3,0,18,0,1
950196,0,2,0,14,0,6
950300,0,1,1,10,4,4
950398,0,1,0,3,4,4
950411,1,1,1,14,0,6
950567,0,2,0,10,0,4
950712,0,1,1,16,0,5
950724,2,3,0,13,0,4
950916,0,3,1,17,0,6
951010,0,2,1,17,0,2
951090,0,2,1,14,0,0
951117,0,1,1,16,1,0
951509,0,3,0,13,4,2
951597,0,2,0,11,1,4
951993,1,1,1,12,0,6
951999,0,2,0,11,4,2
952201,2,3,1,14,0,4
952721,0,3,1,13,4,6
952840,0,2,1,9,1,5
953132,0,3,0,20,0,0
953467,0,3,0,20,4,4
954303,0,3,1,9,4,6
954532,0,3,1,18,0,6
954535,0,3,0,20,4,1
954652,3,1,1,2,0,5
954850,0,2,0,13,4,1
955175,0,1,0,14,0,0
955422,0,2,0,5,0,0
955719,0,1,1,14,4,4
1181502,0,0,0,6,0,2
957614,0,2,0,11,0,6
957694,0,2,1,6,0,5
957717,0,1,0,11,0,5
957766,1,1,0,9,0,4
957924,0,2,0,15,4,4
957947,0,2,0,5,3,2
958034,0,2,1,11,0,5
958055,1,2,1,12,0,4
958093,0,1,1,13,4,0
958157,0,2,0,0,1,6
958187,4,3,1,16,0,4
958508,0,3,1,9,4,1
958536,0,3,0,11,0,0
958788,0,2,0,7,0,5
958816,0,2,0,7,0,6
958899,0,1,1,6,4,6
959128,0,3,0,12,0,4
959192,0,1,0,5,0,2
959271,0,2,0,2,4,0
959347,0,3,0,15,4,2
959456,0,1,1,8,4,0
959475,0,1,1,15,1,2
960272,4,1,1,7,0,6
960353,0,3,0,9,3,6
960454,0,1,0,5,6,4
960548,0,2,0,10,0,0
960636,0,2,1,13,0,5
1103281,0,2,0,16,4,1
961364,0,1,1,10,0,2
961511,0,2,1,10,0,4
962068,3,1,1,12,0,5
962115,2,3,0,12,0,2
962731,0,3,1,10,0,5
962766,3,2,0,18,0,6
962808,0,2,0,12,1,0
962885,0,3,0,15,0,5
962971,2,3,0,15,1,5
963185,1,2,1,8,0,5
963192,0,3,1,14,0,6
963221,0,1,0,11,4,2
963258,1,2,1,12,0,5
963280,0,1,1,19,4,5
963311,0,2,0,16,0,1
963322,1,2,1,12,0,2
963576,3,1,0,9,4,4
963577,3,3,0,18,0,6
963846,0,1,1,12,6,1
963865,3,0,0,12,4,6
963932,1,2,1,9,0,5
963941,0,3,0,14,0,5
963944,0,2,1,17,1,1
963968,0,1,1,6,4,5
964023,0,0,1,9,4,1
1027839,0,1,0,6,6,6
964508,0,2,1,17,4,0
964562,0,1,1,8,0,1
964764,1,1,0,5,4,6
964850,0,1,0,11,4,0
964949,1,1,0,16,0,6
964975,0,1,1,10,0,4
969137,0,2,1,17,0,6
965214,0,3,0,16,4,1
965511,0,2,0,11,3,0
965910,0,0,1,12,3,2
966287,2,3,1,20,0,6
966847,0,2,0,15,1,0
967570,0,2,0,10,4,0
967889,0,3,0,14,0,5
967920,1,3,1,12,0,4
969624,3,2,0,15,5,5
969710,4,1,0,3,0,3
969731,0,3,0,20,6,6
969778,1,2,0,8,0,6
969875,0,2,0,14,0,6
969926,0,1,1,8,4,5
970193,0,1,1,11,0,1
970560,1,2,1,7,1,4
970584,0,1,1,15,0,4
970594,0,1,0,1,4,5
970930,0,3,1,19,0,1
971038,0,1,0,13,0,2
971085,0,1,0,14,0,4
971228,0,2,0,14,0,0
971270,0,3,1,9,4,6
971318,1,1,0,12,4,6
971493,0,1,0,10,4,1
971510,0,1,0,10,4,2
971539,0,3,1,10,0,1
971615,0,1,1,13,0,0
971948,0,3,0,17,0,6
972167,0,2,1,13,6,0
972260,4,2,1,7,0,4
972612,3,3,1,5,0,6
972860,0,2,0,11,0,1
973135,0,3,0,7,1,2
973170,0,2,1,15,5,1
973300,0,1,0,6,5,4
973585,1,1,0,6,0,5
973888,0,1,1,8,0,6
974262,1,2,1,7,0,6
974645,1,1,1,10,4,5
975021,0,3,1,12,0,5
975184,0,3,1,6,3,6
975343,1,3,0,11,0,5
975396,0,1,0,7,0,6
975655,0,3,1,18,4,2
975713,1,2,0,8,0,6
976499,0,0,0,13,5,3
976765,0,3,0,16,4,0
1026325,0,1,0,15,0,2
976865,0,2,0,14,4,1
976888,0,1,1,17,0,6
977083,0,3,0,14,0,1
977167,0,1,1,14,0,6
977212,0,3,1,11,1,0
977241,0,2,0,16,0,5
1113368,0,3,1,16,0,6
1059035,0,1,0,13,0,2
977975,3,1,1,15,6,6
978067,0,3,1,13,4,4
978115,4,2,1,18,0,2
978331,0,3,0,18,4,6
978406,3,2,1,14,6,2
978501,2,2,0,16,0,1
978516,0,2,1,7,4,6
978933,0,0,0,2,0,4
979446,1,2,1,15,0,5
979487,0,3,0,15,0,2
979541,0,1,0,15,3,2
980332,0,0,0,6,3,4
980506,0,1,0,8,0,6
981149,0,1,1,5,5,4
981172,3,1,0,15,0,5
981321,0,3,1,12,6,2
981448,0,1,0,3,1,5
982269,0,3,0,15,0,2
982686,0,3,1,12,4,4
982711,0,1,1,0,0,5
983043,0,3,0,18,4,2
983199,0,1,1,15,4,1
983632,0,2,0,18,0,1
983715,0,3,0,13,0,1
983846,3,3,0,12,0,6
984232,4,1,1,0,3,4
984697,3,1,1,10,4,5
985251,0,3,0,13,0,5
985622,0,3,0,15,0,4
985818,0,3,1,18,0,5
985860,1,2,1,13,0,5
985966,0,1,1,2,0,1
986127,0,0,1,1,3,2
986327,0,1,0,12,4,5
986495,0,2,1,15,4,2
987253,0,1,1,16,0,1
987460,0,2,1,20,4,2
987678,0,2,0,17,1,2
987823,3,2,0,9,4,5
988582,0,2,0,9,0,1
988589,0,2,0,15,0,0
988599,0,2,1,13,0,1
988666,1,3,1,12,1,4
988872,0,3,0,18,0,0
1069390,0,2,0,15,0,0
989239,3,2,1,15,0,4
989268,0,3,1,13,0,4
1434107,0,3,0,15,0,2
990013,3,1,1,8,0,3
990367,1,2,0,13,0,6
990567,0,3,0,13,0,2
990832,4,1,1,7,0,5
991051,0,0,1,8,6,4
991404,1,2,0,8,0,4
1003841,0,1,0,0,0,1
991708,1,1,1,4,0,6
992714,0,3,0,15,3,2
992798,0,3,1,12,0,2
992958,0,3,1,14,0,0
993286,1,1,0,5,0,6
993626,3,0,1,12,4,5
994122,3,1,0,10,0,4
994601,0,2,0,12,0,0
994815,3,2,1,9,6,5
994838,0,2,0,10,0,5
994889,0,3,1,7,3,4
994951,1,3,1,15,0,2
995172,0,2,1,16,4,1
995258,0,3,0,20,0,1
995709,0,1,0,15,0,1
995771,0,1,1,15,0,0
997382,1,0,0,1,5,6
996149,0,3,0,15,0,0
996164,3,2,1,5,3,6
996630,0,3,0,15,4,2
996706,0,3,0,13,0,1
1173295,4,3,1,15,6,0
997160,0,1,1,12,4,4
997375,0,2,1,15,6,1
997723,0,1,0,8,3,4
999363,0,2,0,15,0,2
999911,0,3,1,14,0,2
1000044,2,1,0,17,0,6
1000160,0,2,1,9,4,5
1000329,0,1,0,16,0,6
1000827,0,1,0,10,4,5
1001066,0,3,0,16,3,6
1002184,1,2,0,11,6,6
1003951,1,3,1,13,0,6
1004374,0,3,0,15,0,1
1004402,0,3,0,15,0,5
1004541,1,1,0,4,5,6
1004547,1,2,1,3,4,6
1004637,0,1,0,2,0,5
1004647,1,3,0,14,4,4
1004651,3,1,1,10,6,5
1004667,0,2,1,11,4,4
1004809,0,2,1,14,3,2
1004811,0,1,1,10,0,4
1005097,0,3,0,17,0,2
1005573,1,3,1,15,0,6
1006078,0,2,1,11,1,2
1006226,0,0,1,0,4,4
1006290,1,2,0,10,4,6
1006476,0,3,1,6,0,1
1006479,0,2,1,12,1,0
1007568,0,2,1,11,1,0
1008263,0,2,0,10,4,3
1008592,1,2,1,11,0,6
1008628,0,2,0,12,0,2
1008866,0,3,0,12,0,1
1010472,0,1,1,8,3,4
1010978,0,2,0,10,4,1
1010998,4,1,0,10,0,6
1011183,1,3,1,11,0,6
1498558,3,1,0,12,6,4
1012926,3,2,1,7,0,5
1012948,0,3,1,20,0,4
1012950,0,1,0,5,1,2
1014547,0,2,0,11,3,2
1014693,0,3,0,20,0,6
1014730,0,1,0,13,0,2
1014991,1,3,1,17,0,6
1015156,0,2,1,13,4,0
1015255,0,2,0,7,5,2
1015626,0,3,0,7,0,2
1015893,1,2,1,8,0,6
1016322,0,1,1,13,2,0
1016620,0,1,0,2,5,4
1017149,0,3,1,12,0,4
1017221,0,3,1,19,4,0
1017434,3,2,1,11,6,6
1017862,0,1,1,9,6,4
1018124,4,3,1,16,0,2
1018188,4,3,1,8,0,6
1018273,0,1,0,7,3,1
1018556,3,1,1,15,0,0
1018645,3,2,1,16,0,0
1018964,0,3,1,13,0,0
1019219,0,3,0,13,0,4
1019241,0,3,1,15,0,5
1020050,0,2,0,20,0,1
1020328,0,3,0,15,0,0
1020514,1,2,0,6,0,3
1020731,1,2,0,11,0,5
1020743,1,1,1,5,3,6
1021060,3,1,0,5,0,4
1456061,0,1,0,11,0,4
1021960,1,2,0,9,4,4
1022140,1,3,0,13,0,6
1022618,1,3,1,20,4,4
1022794,0,3,1,14,0,0
1023607,2,3,0,17,0,5
1025532,0,2,1,11,0,2
1161474,0,3,0,15,0,6
1027958,0,2,0,12,0,1
1099296,0,1,0,10,0,0
1029181,0,2,0,17,5,2
1029239,0,3,0,16,0,6
1029294,0,2,0,12,4,2
1029331,0,2,1,10,5,0
1029342,1,1,0,3,0,6
1029386,0,3,1,15,0,6
1029436,0,2,0,0,0,6
1029611,0,3,1,16,0,4
1029627,0,0,0,11,0,0
1029698,2,2,0,12,4,1
1029736,3,1,0,12,6,4
1029973,0,1,0,15,0,0
1029993,0,2,0,18,0,2
1450223,0,3,0,12,0,6
1030090,0,3,0,16,0,0
1030153,0,2,1,13,4,0
1032076,0,1,1,6,0,5
1033174,0,3,1,7,1,1
1033189,0,3,1,15,0,5
1033535,0,3,1,11,5,0
1033540,0,1,0,17,1,0
1034229,3,2,1,13,0,2
1034762,0,2,0,18,4,2
1035368,0,1,1,8,4,1
1035667,0,1,1,12,0,2
1039536,0,3,1,13,0,5
1039730,3,3,0,14,0,5
1039748,4,3,0,20,0,5
1039790,0,2,1,10,6,0
1039824,0,1,0,10,4,0
1039878,0,2,0,12,4,1
1039881,0,3,1,15,0,2
1039950,0,1,1,15,6,4
1039985,2,2,0,10,0,2
1040054,0,3,0,20,0,6
1040125,0,3,0,15,0,0
1040555,3,1,0,5,0,2
1041254,0,1,0,12,4,0
1042851,0,3,0,13,0,0
1043084,0,2,1,15,0,0
1043198,2,3,0,11,0,2
1043571,0,1,0,8,0,0
1043636,1,3,0,15,0,3
1044210,0,2,0,13,1,3
1044481,0,1,0,7,0,5
1044503,3,2,1,12,0,4
1044508,0,3,0,17,4,4
1044522,0,1,0,8,0,6
1044527,0,0,0,10,6,2
1045034,0,3,0,15,0,0
1045294,0,3,0,19,4,0
1045383,0,1,1,10,6,4
1045489,0,0,1,7,5,2
1045555,0,2,1,7,0,2
1045675,4,3,1,12,1,4
1045729,0,1,1,12,0,5
1046651,0,3,0,15,0,0
1047057,0,2,0,17,0,0
1047238,0,2,0,12,4,2
1047342,0,1,1,9,0,4
1294341,0,2,0,18,6,6
1049311,0,2,0,7,4,0
1049440,3,1,0,7,4,1
1049603,0,1,1,19,4,2
1049848,1,3,1,12,0,6
1049852,3,1,1,10,3,6
1049902,0,2,0,13,0,6
1076570,1,2,0,11,6,3
1050321,1,1,1,6,6,5
1050794,3,2,0,11,0,5
1051115,3,1,0,14,0,4
1051223,0,1,1,6,4,4
1051334,3,1,1,9,0,6
1051644,0,3,0,15,0,0
1052069,0,2,0,10,0,1
1052155,0,3,0,19,0,6
1052257,0,3,0,20,0,4
1052374,0,3,0,20,0,2
1052569,0,3,1,11,6,1
1052636,0,3,0,18,0,0
1053056,0,2,1,9,0,2
1053314,3,2,1,15,1,2
1053321,0,3,1,18,6,4
1053461,0,1,0,11,4,1
1054400,0,3,0,14,0,5
1065411,3,1,1,0,6,0
1457488,0,3,0,18,4,6
1055893,2,3,1,13,0,4
1055904,3,3,1,12,0,2
1056516,0,3,0,3,6,4
1057904,0,3,0,7,0,6
1058773,0,3,1,20,0,0
1059905,3,0,0,2,4,6
1156580,1,3,1,14,4,6
1060339,0,2,0,14,0,2
1060413,0,2,1,11,4,0
1061398,0,3,0,12,4,0
1061967,0,3,1,6,6,0
1062577,0,1,1,8,4,6
1062626,0,2,0,15,0,1
1062692,0,2,0,10,4,1
1063045,0,1,0,13,1,4
1064904,0,1,0,10,0,0
1065595,0,2,0,8,3,5
1065821,0,3,0,19,0,1
1066201,0,2,1,18,4,0
1066486,0,2,1,13,6,2
1068119,0,3,1,18,0,0
1069694,1,3,1,12,0,4
1069755,1,1,0,15,0,4
1076499,1,3,0,10,0,6
1070212,2,3,1,9,1,6
1070227,2,2,0,15,0,2
1071206,0,3,0,9,4,6
1072022,0,0,1,4,5,1
1465407,4,3,0,12,0,6
1072346,0,3,1,12,6,0
1251452,3,2,0,7,1,2
1073061,3,2,1,14,0,6
1073610,0,1,0,13,0,2
1482481,0,1,0,5,1,1
1075681,0,2,0,8,4,1
1075811,2,3,0,15,6,1
1075939,0,3,0,19,0,2
1076058,0,3,0,15,0,0
1076329,0,3,1,19,0,1
1076433,0,3,0,9,3,0
1077180,0,3,1,5,0,6
1077486,2,2,0,18,0,5
1077496,0,1,0,6,0,1
1077503,0,3,0,16,0,5
1077989,0,3,0,5,6,5
1078037,0,0,1,5,1,2
1078244,4,1,0,12,0,6
1078326,0,1,0,15,0,1
1078388,0,1,1,11,6,2
1078661,0,3,0,15,4,2
1078825,0,3,1,12,6,0
1079264,0,3,0,11,0,1
1079631,0,3,1,7,0,4
1079768,0,2,1,11,0,1
1079836,0,2,1,10,6,2
1080171,0,2,1,19,6,4
1080223,0,2,0,9,0,2
1080273,1,2,0,11,0,3
1080327,1,2,0,11,0,6
1080642,3,3,1,13,0,4
1080648,3,0,0,5,0,4
1080658,0,3,0,9,0,3
1080686,0,2,1,12,0,2
1081276,4,3,0,16,0,2
1081320,0,2,1,13,0,4
1081331,0,3,1,14,0,0
1081424,0,2,1,6,4,0
1081530,0,3,1,0,0,0
1082571,1,2,1,12,0,6
1452834,0,1,0,12,1,2
1083104,0,3,0,5,0,1
1083488,0,3,1,15,0,5
1083582,0,3,1,17,0,4
1084207,0,1,0,15,0,0
1085035,0,2,1,12,0,6
1085540,2,2,1,15,0,2
1086278,4,3,0,18,4,2
1086906,0,3,0,19,0,0
1087699,0,3,0,15,0,5
1088020,0,1,1,5,1,0
1088722,0,3,0,19,4,5
1088865,0,1,0,10,4,0
1090276,0,1,1,12,0,2
1392484,0,2,0,9,0,2
1090667,0,3,0,15,0,1
1091132,0,2,0,11,0,4
1091210,3,3,0,12,0,5
1091220,0,3,1,17,4,6
1091240,0,3,1,10,0,6
1091429,0,3,0,15,0,0
1091450,3,2,1,9,0,0
1091526,0,2,0,13,0,2
1091538,0,1,0,10,4,4
1091569,1,2,1,6,0,6
1091717,0,3,0,18,1,2
1093083,0,2,1,13,0,1
1092226,0,1,1,16,4,0
1092500,4,2,0,8,4,2
1092504,0,3,1,12,0,4
1092856,3,3,0,16,0,2
1093110,0,3,0,16,0,1
1093162,0,3,1,9,0,4
1093238,0,1,0,15,0,0
1093393,0,3,0,19,0,1
1093626,0,3,1,16,0,5
1093825,0,2,1,13,0,4
1094967,0,3,0,17,0,5
1095041,0,3,1,16,0,5
1095090,0,3,1,11,1,4
1095211,3,2,0,13,0,5
1095325,0,3,0,19,0,4
1095353,0,2,0,12,4,2
1095618,4,3,0,14,0,2
1095948,1,2,0,17,0,6
1095976,0,1,1,1,6,1
1096003,0,3,1,11,0,6
1096182,0,3,1,17,0,6
1096211,0,2,1,17,0,2
1096439,0,3,1,14,1,5
1096780,1,1,1,0,5,4
1097010,1,1,0,5,1,6
1097156,0,1,1,11,6,2
1097658,2,3,1,18,0,4
1097698,0,1,1,10,0,1
1098854,2,3,1,15,0,4
1099166,3,1,1,8,0,6
1099169,0,1,1,7,0,4
1100308,0,3,0,17,0,6
1100334,2,3,0,20,0,5
1100347,0,2,1,20,6,0
1101638,0,3,1,14,1,2
1101950,0,3,1,16,0,6
1102415,0,3,0,15,0,2
1108054,0,3,0,20,0,2
1110057,0,1,1,12,0,0
1110089,0,2,1,8,6,0
1110159,0,3,1,20,0,6
1110183,0,2,0,11,0,1
1110246,0,3,1,19,0,0
1110281,3,3,1,18,0,2
1110376,3,2,0,9,0,0
1112706,0,3,1,12,0,5
1110671,3,2,1,15,1,1
1454169,1,1,0,10,1,1
1110763,0,3,1,8,0,2
1110808,0,2,0,6,4,2
1110813,3,1,0,18,0,1
1110828,0,3,0,15,0,6
1110889,0,2,0,15,0,2
1110931,3,1,0,12,0,2
1110972,0,2,0,19,1,6
1111197,0,3,0,10,4,1
1111283,0,2,1,16,6,2
1111299,0,3,1,16,6,1
1111563,0,3,1,18,0,1
1111600,2,1,1,12,4,0
1111850,0,3,1,8,6,1
1111855,0,2,1,19,0,2
1111891,3,1,0,8,0,2
1539777,0,2,1,11,0,4
1112038,0,1,1,4,0,4
1112263,0,3,0,13,0,2
1112865,0,2,1,20,0,2
1112883,0,1,1,8,0,4
1112925,3,3,0,18,0,4
1113122,3,1,1,3,4,0
1113295,0,3,0,17,0,2
1113319,0,2,1,15,0,1
1113379,0,3,1,20,0,6
1113382,0,2,0,0,4,0
1113415,0,3,0,16,4,0
1113480,2,2,0,13,0,6
1113508,0,1,0,14,0,1
1113588,0,2,0,13,4,6
1113598,0,1,0,15,0,6
1113708,4,2,0,13,4,3
1113800,0,2,0,12,0,6
1113948,0,3,1,14,0,5
1114436,3,2,1,5,0,4
1114472,3,1,1,17,0,6
1114550,0,1,1,13,0,0
1115014,0,3,0,19,1,0
1115024,0,3,1,15,0,5
1171698,3,2,0,10,5,4
1115403,0,3,1,14,6,2
1115630,0,1,0,13,0,1
1115640,1,1,0,3,4,6
1115695,2,3,1,15,0,6
1115719,0,2,0,7,2,2
1115973,0,2,1,5,4,6
1116066,0,2,1,13,6,6
1116367,0,3,1,12,0,6
1117040,0,2,1,15,4,4
1117131,0,3,1,11,0,6
1117243,0,2,1,7,5,4
1117388,0,3,1,17,4,6
1117425,0,1,0,8,4,0
1117444,0,2,0,18,0,0
1117476,0,0,0,8,4,6
1117638,0,2,1,7,4,1
1117677,0,3,0,18,0,4
1117766,0,3,1,15,0,0
1117960,0,3,0,16,0,4
1118124,0,1,1,9,4,6
1118565,0,2,0,16,0,6
1118936,0,3,1,20,6,5
1119051,1,3,1,10,0,6
1119273,0,2,0,0,0,5
1119888,2,3,0,0,1,4
1120137,0,2,1,8,0,1
1120286,0,3,0,12,0,6
1120349,0,1,0,10,0,0
1120554,2,3,1,16,0,1
1120626,0,1,0,9,0,2
1120713,0,1,1,17,0,0
1120731,1,2,1,14,0,6
1120942,0,3,1,13,6,2
1120959,0,2,0,7,4,1
1121039,0,2,1,14,4,0
1121209,3,2,0,12,1,6
1121223,0,2,0,16,0,1
1121233,2,2,0,14,0,5
1121317,0,2,0,12,0,1
1121554,0,2,1,16,0,1
1121747,4,2,0,11,4,1
1121753,4,2,0,10,4,5
1121809,0,3,1,4,3,5
1122946,2,3,0,17,0,2
1123007,0,2,1,16,0,0
1123293,0,3,0,13,1,2
1123529,3,2,0,12,1,2
1123600,0,3,0,17,0,2
1123969,0,3,0,12,0,2
1124038,0,1,1,4,3,4
1124486,0,2,1,14,1,4
1124520,0,3,1,18,0,4
1124593,3,3,0,15,1,2
1124940,0,1,0,13,0,1
1125123,0,3,0,15,0,2
1125182,0,2,1,6,0,1
1125190,0,3,0,12,4,0
1457561,0,0,0,14,0,0
1125337,0,1,1,11,4,0
1125646,0,2,1,15,0,1
1125711,0,2,0,14,0,2
1125962,0,2,0,18,0,0
1126029,3,1,1,12,4,5
1127057,0,1,1,10,1,1
1127672,0,1,0,7,4,6
1128277,0,2,0,11,0,0
1129035,0,3,1,17,1,4
1129202,0,1,1,3,0,2
1129771,0,3,1,19,1,2
1129777,3,1,1,1,3,2
1129972,0,3,0,11,1,4
1130202,0,3,1,12,5,0
1130803,2,2,0,10,3,2
1130813,4,2,0,8,0,5
1130917,0,1,0,15,4,2
1131118,3,2,0,15,0,6
1131219,2,3,0,20,0,5
1131649,0,2,1,15,0,1
1131746,0,2,0,18,1,5
1131949,1,3,1,12,0,1
1131972,0,3,0,20,0,0
1132171,0,2,1,16,0,1
1132262,1,2,1,7,0,6
1132363,0,2,0,4,0,3
1388198,0,0,0,4,5,1
1132608,0,3,1,15,6,1
1132814,0,3,0,19,0,6
1133578,0,0,1,10,4,4
1134155,0,3,0,12,1,2
1309968,0,3,0,20,0,0
1207325,4,3,0,12,0,2
1134905,3,3,0,10,0,0
1134952,0,3,0,17,0,0
1135019,0,2,1,16,0,4
1135183,1,3,1,15,0,6
1135283,0,2,0,10,1,2
1135335,0,1,1,17,4,5
1135839,0,2,0,18,0,5
1135916,0,2,1,10,4,5
1135951,0,1,0,3,6,1
1136560,4,0,0,8,4,1
1136922,0,1,0,17,0,1
1136982,0,2,1,14,4,4
1137113,0,3,1,14,1,0
1137131,0,2,0,12,4,6
1137275,0,2,0,19,0,0
1137759,0,3,0,16,0,2
1137762,0,3,1,10,4,5
1137835,0,3,1,13,0,0
1138106,0,3,0,17,0,4
1138677,0,2,1,7,0,6
1138746,0,3,0,15,0,2
1138785,0,2,1,10,4,6
1138850,0,3,1,17,0,4
1140488,3,1,0,15,0,5
1140932,0,2,0,16,0,0
1141060,0,2,0,14,0,4
1141163,1,3,1,17,0,4
1141400,1,2,0,15,1,6
1141407,0,3,1,7,4,2
1141501,0,3,0,18,1,4
1141624,3,1,1,13,0,6
1142350,0,1,0,3,1,2
1142881,0,3,0,20,0,6
1142949,0,1,1,9,0,2
1143081,0,1,0,12,4,6
1143257,0,2,0,14,5,0
1143604,0,3,0,20,0,4
1143773,0,1,1,5,5,0
1143820,0,1,0,20,1,0
1143877,1,2,0,10,1,4
1143894,0,3,1,5,0,4
1144003,2,1,1,11,4,1
1144010,0,2,0,18,0,4
1144054,0,1,1,8,4,2
1144219,0,3,0,7,0,6
1144625,0,3,0,14,4,5
1145132,0,3,0,16,0,1
1145162,0,2,0,11,0,2
1145264,0,3,0,14,4,2
1145556,0,3,1,14,0,6
1145973,0,1,0,6,0,5
1146292,0,2,0,11,4,0
1146353,0,3,1,17,0,0
1146436,0,3,0,10,0,1
1146663,0,3,1,18,0,1
1146677,0,1,1,13,0,1
1146719,0,3,0,14,0,1
1147474,0,3,1,20,6,5
1147518,0,2,1,13,0,0
1147851,0,3,0,17,4,2
1148068,0,3,1,11,0,6
1148103,0,1,0,7,0,1
1148600,0,2,1,10,0,1
1148607,0,1,0,15,0,1
1148823,0,0,0,3,5,4
1149402,1,1,0,9,0,6
1149459,3,3,0,15,0,2
1149601,0,2,0,15,1,2
1150680,1,1,1,4,0,5
1151035,0,3,0,20,4,0
1151264,0,1,0,10,0,3
1151900,0,3,1,16,1,4
1152600,1,1,1,12,0,6
1152774,0,3,1,15,0,1
1153198,3,1,0,13,0,1
1153679,1,2,1,1,0,6
1154020,0,3,0,16,0,4
1154077,0,1,0,10,0,2
1154343,0,2,0,12,0,1
1154447,0,2,0,17,4,6
1154869,0,2,0,10,3,0
1155218,0,2,0,11,0,2
1155586,3,1,0,7,0,6
1155682,4,2,0,9,0,2
1155836,0,2,1,3,4,5
1155858,0,1,0,17,0,0
1156103,3,3,0,13,4,4
1156336,0,1,1,6,6,1
1156404,1,3,1,17,0,6
1156434,0,3,0,15,4,0
1157165,0,1,1,11,6,0
1157194,0,1,1,11,4,5
1157257,0,2,0,15,0,0
1157361,0,2,1,18,0,1
1157505,1,1,0,13,0,6
1157522,0,3,1,15,0,2
1158048,0,3,0,17,0,4
1158383,1,3,1,13,4,4
1158852,0,2,1,18,6,0
1159055,4,2,0,7,0,5
1159326,0,3,1,13,0,1
1159482,3,3,0,11,0,5
1159641,4,3,0,18,0,4
1159974,0,3,0,14,0,5
1159991,0,3,0,18,0,2
1160608,0,2,1,12,0,0
1160618,0,1,1,5,0,0
1160681,2,3,0,12,4,4
1161196,0,2,0,15,4,2
1161392,0,3,1,12,0,0
1162389,0,2,0,16,0,2
1162394,0,2,0,16,0,1
1162471,3,2,1,18,6,6
1162661,0,3,0,12,0,0
1162685,0,3,1,16,0,6
1162810,3,2,0,7,0,6
1163145,0,1,0,13,0,2
1163578,1,3,0,15,0,4
1163731,0,2,0,15,0,0
1163752,0,1,0,14,0,6
1164086,1,2,0,5,0,4
1480786,0,1,0,9,0,4
1165640,3,2,0,12,4,6
1454731,1,1,0,10,0,4
1166090,0,3,0,6,4,0
1166164,0,2,1,13,6,0
1166264,4,2,0,0,5,4
1166346,0,3,1,14,4,5
1166508,0,3,0,16,0,4
1166710,2,3,0,14,0,5
1166938,0,3,0,12,0,2
1167215,3,1,1,10,0,2
1167275,0,3,1,13,0,2
1167728,0,3,0,4,1,4
1167778,0,2,0,0,4,4
1167892,0,3,1,13,0,5
1167898,0,3,1,17,0,2
1167938,3,3,0,19,0,1
1169718,0,1,1,12,4,1
1170062,0,2,1,14,0,0
1170104,0,3,0,8,1,2
1170394,0,3,0,19,0,6
1338686,0,2,0,13,0,0
1170985,1,3,0,18,4,4
1175415,0,3,0,18,0,4
1171257,3,0,0,2,5,5
1570171,3,1,1,13,0,4
1171448,0,3,1,19,6,6
1171801,0,2,0,14,0,4
1171916,0,3,1,16,0,2
1171962,0,1,1,8,4,0
1172096,3,2,0,12,3,6
1172099,3,3,0,20,0,4
1172333,0,2,1,14,4,6
1172335,1,2,0,10,5,6
1172411,0,1,1,13,0,2
1172507,2,3,0,14,3,4
1172760,0,3,1,12,4,6
1172963,0,3,0,15,0,4
1173379,0,3,0,17,0,4
1173524,0,2,0,15,1,0
1173557,1,1,1,2,5,6
1174075,2,1,1,3,0,5
1174261,0,2,0,16,0,1
1174631,1,3,1,13,1,5
1174637,2,3,0,18,0,2
1174661,0,3,0,18,0,1
1174709,3,2,1,10,0,5
1174738,0,3,0,18,0,1
1175112,3,1,1,12,0,2
1175509,2,1,1,9,0,5
1175539,0,2,1,16,1,6
1176096,4,3,1,13,0,5
1176280,3,2,0,11,0,2
1176327,3,0,0,9,0,5
1176597,3,0,1,15,6,2
1176861,3,1,1,13,6,6
1176922,0,3,1,15,4,2
1176936,0,1,1,9,3,4
1177144,0,3,1,10,4,0
1177192,0,3,1,19,0,4
1177542,0,1,0,12,0,2
1177720,0,2,0,15,4,6
1177842,0,2,0,9,1,6
1177920,0,1,0,6,4,1
1178118,0,2,1,12,0,2
1178428,0,2,1,13,4,2
1179441,3,0,1,3,0,4
1179452,3,0,1,7,0,6
1179637,3,2,0,16,0,0
1179714,0,3,0,19,0,6
1179908,0,3,1,12,0,4
1179945,0,3,0,13,0,6
1179964,0,2,1,19,0,2
1179973,0,3,0,13,0,1
1180014,0,1,1,11,4,5
1180413,0,3,0,14,0,0
1180521,1,0,1,1,3,5
1180551,0,3,0,17,0,0
1180769,4,3,0,0,0,4
1180881,0,1,0,12,0,0
1180952,0,2,0,17,1,1
1181039,0,2,0,15,1,1
1181163,0,3,1,16,0,4
1181306,3,2,0,13,4,6
1181399,0,3,1,15,4,6
1181699,1,1,0,10,0,6
1181871,1,3,1,12,0,4
1181915,0,2,1,3,4,1
1181990,0,1,1,10,0,2
1182037,1,2,1,11,0,6
1182125,0,2,1,14,0,0
1182206,0,3,1,15,4,4
1182253,0,2,0,20,0,0
1182447,0,1,1,9,4,4
1182522,0,3,1,13,1,4
1182577,0,3,0,20,0,2
1182592,1,0,1,6,0,6
1453955,0,3,0,13,0,0
1183262,0,2,1,7,1,4
1183318,0,3,1,17,1,6
1295488,0,3,1,12,1,0
1183568,0,3,1,15,0,0
1408057,1,1,0,7,0,4
1184730,0,3,0,19,0,2
1185391,0,3,0,17,0,1
1185474,0,2,0,16,0,0
1468514,0,3,1,17,6,0
1185652,0,3,1,13,0,6
1186703,0,2,0,15,0,6
1186747,3,3,1,11,0,5
1186783,0,1,1,11,4,0
1187611,4,3,0,14,0,6
1187615,0,3,1,12,4,4
1188013,4,3,1,5,4,6
1189365,0,3,0,15,0,0
1189890,0,2,1,8,0,4
1191189,0,2,0,16,0,2
1195921,3,3,1,14,0,6
1200996,1,3,0,16,3,5
1202148,0,3,1,19,1,4
1208912,0,3,0,12,0,4
1209836,1,2,0,12,0,6
1209898,1,2,1,6,0,6
1210112,0,3,0,17,0,0
1210167,0,3,0,19,4,0
1210174,3,3,0,8,0,5
1210229,0,3,1,17,6,2
1210307,0,1,0,3,0,6
1211465,3,0,1,3,5,6
1212480,1,0,0,0,6,5
1211736,0,3,0,15,0,6
1211753,0,1,0,13,4,5
1211802,0,2,1,18,0,5
1211870,0,2,1,11,1,0
1211884,0,0,0,13,0,5
1211977,0,3,1,12,0,6
1211995,0,2,1,17,0,6
1212045,3,1,0,12,0,0
1212081,0,2,0,15,0,0
1212086,0,3,0,15,0,4
1212163,0,1,1,10,0,0
1212167,0,3,1,12,4,4
1352063,2,3,0,14,0,4
1212380,0,3,0,10,0,6
1213453,0,2,0,13,0,4
1213822,0,2,0,10,0,6
1213947,0,3,0,15,0,0
1214108,1,2,1,5,6,6
1214364,1,1,1,16,0,6
1214673,0,3,1,18,0,5
1215723,0,2,1,12,0,1
1215972,0,1,1,20,0,6
1216090,1,3,1,17,0,6
1216338,0,3,0,13,0,0
1216448,0,3,1,14,0,6
1216472,2,3,1,17,0,6
1216495,1,3,1,20,6,6
1216559,0,3,0,18,0,6
1216586,0,3,1,15,0,6
1216699,0,1,1,3,0,0
1216837,2,3,1,16,0,0
1430654,0,2,1,12,0,4
1217070,0,1,0,15,4,3
1217156,0,2,0,8,0,0
1265630,0,2,1,13,0,5
1217670,0,2,0,6,0,0
1217813,3,1,0,5,3,6
1217815,2,1,1,15,0,1
1217823,0,2,0,15,6,1
1217965,0,1,0,7,4,5
1217995,3,2,0,15,0,4
1218133,0,3,0,14,4,1
1218244,3,2,1,11,0,5
1218519,0,3,0,18,0,1
1218615,0,1,0,13,0,1
1454186,3,2,0,12,0,5
1219100,0,1,1,5,4,5
1219124,3,3,0,12,0,0
1219738,3,3,1,17,0,4
1220019,1,3,1,12,0,4
1220028,3,2,0,12,0,2
1220231,0,2,1,14,6,0
1220290,0,3,0,15,4,1
1220978,0,1,1,7,4,6
1221572,0,3,1,10,0,0
1222036,0,3,1,17,0,6
1222106,0,3,1,11,0,6
1222409,2,3,0,7,0,4
1222410,1,0,1,2,5,4
1222437,3,1,0,10,0,5
1222565,0,3,1,16,0,5
1222828,0,3,0,12,4,2
1222872,0,2,1,2,1,6
1222878,0,1,1,13,3,2
1223015,0,0,0,7,5,3
1223042,0,2,0,3,4,0
1225367,1,1,0,1,5,6
1223374,0,3,1,11,0,0
1223994,3,1,0,12,4,0
1224199,0,2,0,11,0,6
1224469,1,3,1,15,0,6
1224495,0,3,0,15,4,6
1224770,0,1,0,8,0,4
1225011,0,1,1,11,0,0
1226402,0,1,1,14,4,6
1226772,4,2,1,12,0,0
1226843,2,3,1,14,1,2
1226844,0,1,1,6,4,1
1227010,0,1,0,6,0,2
1227550,3,2,0,16,3,4
1227673,0,3,0,14,0,4
1227816,2,2,1,9,3,6
1228091,2,3,1,17,0,6
1228273,1,3,1,13,5,5
1228323,3,1,0,13,0,3
1228440,0,3,1,10,0,4
1228799,0,3,1,20,1,1
1228876,0,1,1,12,4,6
1228927,1,3,1,17,0,6
1229102,0,3,0,11,0,0
1229308,0,3,0,15,4,2
1229515,4,2,0,20,2,1
1229887,0,0,1,10,4,2
1230316,0,2,1,13,0,2
1230335,2,1,1,11,4,0
1230646,0,2,1,7,0,4
1230700,0,2,0,11,4,1
1230718,0,3,1,3,1,2
1230970,3,3,1,16,0,1
1231175,1,1,1,6,0,4
1231193,0,2,1,10,0,5
1231607,0,3,0,16,0,2
1231769,4,1,1,8,1,0
1231882,0,3,1,16,0,1
1231900,0,3,1,18,4,1
1384198,0,0,1,14,6,2
1232659,0,1,0,14,0,2
1341833,0,3,1,10,0,6
1232722,0,2,0,6,5,6
1232839,0,2,1,13,6,2
1232900,0,2,1,13,0,6
1233107,0,3,0,11,4,2
1233484,0,3,0,19,0,1
1233683,0,2,0,13,0,2
1233935,0,1,1,7,4,1
1234332,0,1,1,11,0,0
1235221,0,1,1,16,0,0
1235556,2,3,0,18,4,6
1235690,3,2,1,4,0,1
1235782,0,3,0,18,1,0
1236253,0,2,0,11,4,2
1236300,0,1,1,12,4,1
1236645,0,1,1,12,0,4
1236847,1,2,1,12,0,4
1236961,0,1,1,6,6,4
1237123,0,3,0,15,0,1
1237780,0,1,0,16,0,0
1438571,0,0,0,0,4,4
1238290,0,3,1,11,0,1
1238804,0,2,0,9,4,2
1239209,0,3,1,15,4,6
1433215,0,3,0,11,0,6
1239275,0,3,1,16,0,5
1239329,0,3,0,20,0,1
1239776,0,3,0,15,4,0
1239917,3,0,0,6,4,4
1240378,3,2,0,15,0,5
1240412,0,2,1,10,0,1
1240601,0,3,1,13,4,0
1241278,0,2,1,12,0,4
1241389,0,1,0,12,0,4
1241875,0,3,1,15,0,6
1242264,0,2,0,10,4,0
1242278,0,3,1,16,6,6
1243966,0,3,0,14,0,0
1244031,0,1,0,9,6,4
1244157,3,1,0,14,4,5
1244286,0,3,0,15,4,4
1244312,0,3,0,18,4,1
1244349,0,2,1,15,4,0
1244426,1,3,1,19,0,6
1244585,0,1,0,10,4,0
1246323,2,3,0,17,4,1
1246510,3,3,1,12,1,6
1246589,4,3,0,13,0,4
1246654,0,2,1,13,0,0
1246809,2,3,1,12,1,6
1246970,0,2,1,3,5,2
1247498,0,3,0,11,0,6
1247535,3,2,0,13,0,2
1247599,3,2,0,9,0,5
1247634,3,1,0,10,0,6
1247718,1,3,1,6,0,6
1247739,0,2,0,0,3,2
1247823,1,2,0,8,0,5
1248448,0,3,1,18,6,6
1248465,0,1,1,12,0,1
1248587,0,2,1,15,0,1
1248620,4,3,1,0,0,2
1248798,0,3,1,15,5,0
1248815,0,3,0,17,0,4
1249101,0,1,0,9,4,6
1249122,0,2,0,18,0,5
1249185,0,1,1,17,0,1
1249324,3,1,1,3,0,5
1249479,0,1,0,8,4,2
1249560,0,3,0,16,0,6
1249608,0,3,1,15,0,5
1250030,0,0,0,9,6,6
1250261,0,2,1,12,0,4
1250282,0,1,1,6,4,0
1250723,0,3,0,15,0,0
1251208,2,2,1,15,4,0
1251786,0,2,0,9,4,2
1251860,3,1,0,9,1,5
1252778,0,3,0,14,1,4
1253066,0,3,0,8,1,0
1253683,0,3,0,14,0,2
1253844,0,2,1,12,6,4
1254102,0,1,1,5,5,0
1254292,0,3,0,12,4,0
1254380,0,1,1,12,0,0
1254402,0,3,0,11,1,2
1254564,0,2,0,11,0,6
1254581,0,3,0,19,3,4
1254587,0,2,0,10,6,0
1254662,0,3,0,20,0,0
1254677,0,3,0,18,1,2
1254744,0,3,0,16,0,1
1254817,0,3,1,19,0,2
1255044,0,3,0,16,0,0
1255098,0,1,1,3,0,2
1255446,0,3,0,17,0,5
1255728,0,1,1,6,6,5
1255843,0,1,0,13,0,1
1259508,0,1,1,10,1,2
1259522,0,1,0,10,0,0
1259693,0,3,1,19,0,1
1259791,0,3,0,17,0,1
1260014,0,2,0,14,0,2
1260241,0,1,1,16,4,6
1260362,0,3,0,15,0,2
1260384,0,3,1,20,6,4
1260657,2,3,1,10,0,6
1260999,0,3,1,16,0,4
1264495,3,0,1,10,4,1
1264769,0,1,0,20,0,0
1264950,0,3,0,11,0,6
1265297,0,1,1,19,4,0
1266172,0,3,0,16,4,1
1266330,2,3,0,15,0,6
1267531,0,3,0,5,0,4
1268031,0,1,1,1,0,2
1268079,0,2,0,9,3,2
1268366,0,2,1,0,0,1
1271444,0,2,1,19,4,4
1271688,1,3,1,12,0,4
1508709,0,0,0,8,0,2
1272435,0,2,0,9,0,4
1272463,3,1,1,0,0,5
1273162,0,1,1,14,0,0
1273240,0,2,1,4,4,1
1273483,0,1,0,11,0,0
1273515,0,3,0,19,0,1
1273655,0,2,0,16,4,0
1273659,1,3,0,15,2,4
1273724,0,1,0,15,4,2
1274081,0,1,0,0,5,4
1274607,0,2,0,9,4,2
1274688,0,2,1,14,1,1
1274890,1,2,1,7,1,6
1274906,0,2,1,11,1,0
1275222,3,0,1,8,4,2
1275267,0,2,1,15,0,1
1275870,0,3,1,17,4,2
1275872,3,0,1,8,0,5
1275942,0,3,0,17,0,0
1275949,0,3,1,15,0,0
1281594,0,3,1,16,0,2
1281914,2,3,0,10,0,4
1282109,0,3,1,14,6,0
1282916,0,3,0,9,4,2
1284012,0,1,1,15,0,6
1284535,3,3,0,15,0,6
1284601,0,1,1,12,0,2
1284656,0,2,0,13,3,4
1284815,0,1,1,10,0,2
1284840,0,3,0,13,0,1
1284842,0,2,1,13,4,2
1285182,3,2,1,11,3,5
1285292,0,3,0,18,0,6
1285372,0,1,0,11,0,4
1285382,0,2,0,10,4,1
1285383,0,2,0,5,1,4
1285507,0,3,0,17,0,0
1285570,0,3,0,16,0,1
1285607,0,3,1,13,4,4
1285913,1,1,1,1,5,3
1285921,2,3,0,20,0,4
1286634,0,2,0,16,4,0
1286746,1,3,1,12,0,5
1286773,0,2,1,10,4,5
1286804,0,2,0,15,1,4
1286823,3,1,1,12,0,6
1286875,0,3,0,17,4,2
1287086,3,1,1,12,4,6
1287329,0,2,0,13,4,5
1287388,4,2,1,15,0,6
1287451,0,1,1,15,0,6
1287579,1,3,1,12,4,6
1288029,0,3,0,13,0,1
1288287,0,3,0,17,4,0
1288696,0,2,1,12,0,4
1289469,0,1,1,12,4,0
1289626,0,3,0,14,4,5
1289809,2,3,1,16,0,5
1293766,0,3,1,14,0,6
1293797,0,3,0,11,1,6
1295225,0,3,1,15,0,6
1296650,0,3,0,10,4,2
1297003,1,2,1,15,0,5
1297213,3,3,0,14,0,6
1297268,0,3,0,15,1,4
1297751,1,1,1,3,5,6
1297913,0,2,1,13,0,0
1298034,3,1,1,10,0,2
1298095,0,2,0,14,4,0
1298374,0,3,0,15,0,6
1298441,0,1,0,8,6,4
1298732,0,0,1,12,4,0
1299039,2,3,1,19,0,5
1300135,3,2,1,8,6,4
1300521,0,3,0,16,0,6
1300734,0,2,1,19,0,2
1300742,0,3,0,17,4,6
1300854,4,3,1,20,0,3
1300987,0,3,0,18,0,0
1301022,4,2,1,15,6,0
1301041,0,2,1,13,2,2
1301496,0,2,0,9,0,6
1301614,0,1,0,13,0,0
1301754,0,3,0,19,1,6
1302215,0,2,0,17,0,4
1302230,0,3,0,13,0,1
1302470,0,1,0,16,1,4
1302619,0,1,1,7,4,6
1302925,0,3,0,16,1,4
1303076,0,1,1,11,0,2
1303164,0,2,0,12,0,1
1303186,0,1,0,12,0,4
1303708,3,1,1,15,0,2
1303837,0,3,1,13,0,1
1304441,0,3,1,14,0,0
1305625,1,2,1,12,0,6
1307229,0,2,0,15,0,0
1307388,0,3,1,12,0,5
1307536,3,2,1,14,0,1
1307747,0,2,0,9,4,3
1307794,0,2,1,8,0,4
1307981,0,3,1,20,6,0
1308394,0,2,1,8,4,0
1308449,3,1,0,6,4,6
1310188,0,1,1,9,4,2
1310284,3,3,0,20,0,2
1310294,0,2,1,10,1,0
1310304,0,3,1,13,0,5
1310323,4,2,1,10,1,4
1310338,0,2,1,15,4,5
1310398,0,3,1,13,0,2
1310604,1,3,1,6,0,6
1310702,0,2,0,16,0,2
1310817,4,1,0,13,0,1
1311245,3,1,1,8,0,4
1311480,3,1,1,16,4,6
1311523,0,3,1,16,1,5
1311566,0,3,1,16,6,4
1311614,0,3,0,12,3,2
1311864,3,2,1,10,0,6
1312389,0,2,1,14,6,0
1312546,0,0,0,9,0,1
1312805,0,3,0,18,0,6
1313128,0,1,0,9,4,4
1313816,0,3,0,9,0,0
1313839,0,1,1,6,6,1
1313930,0,3,0,15,0,6
1314306,0,2,1,7,4,4
1314544,0,2,0,15,0,0
1314838,3,2,0,14,0,4
1315481,0,3,1,20,6,0
1315523,3,2,1,8,4,6
1315606,0,1,1,16,0,0
1315699,0,1,0,9,0,5
1315922,0,3,1,12,4,2
1316281,0,3,0,14,0,4
1317250,0,3,1,14,0,6
1317253,0,3,1,16,0,4
1318464,4,2,1,16,6,0
1318941,0,3,0,13,0,4
1319038,3,1,1,13,0,6
1319050,0,1,1,0,4,3
1319423,0,1,0,12,0,3
1319473,0,2,0,11,4,0
1319720,0,0,0,0,5,6
1319759,0,3,0,15,0,0
1320468,0,3,0,17,4,2
1320487,0,3,0,19,0,0
1322312,0,2,0,8,0,6
1322317,0,1,1,5,6,4
1322435,0,1,1,10,4,5
1322580,0,2,0,13,0,1
1322638,0,2,1,16,4,4
1322739,3,3,0,14,0,6
1538807,3,0,0,15,0,0
1322980,3,2,1,13,0,5
1323098,1,3,0,13,0,4
1323117,0,1,0,15,4,5
1323207,3,3,1,8,0,6
1323555,3,3,0,16,0,0
1323783,0,2,0,20,4,2
1323799,0,2,1,16,4,0
1323849,0,3,0,14,0,5
1324288,0,3,0,14,0,6
1324519,1,2,0,16,4,2
1324768,0,1,0,10,0,1
1324904,1,3,0,20,0,1
1325020,1,2,0,3,5,6
1325402,3,0,1,1,0,6
1325493,0,3,0,17,1,4
1325643,0,2,0,13,4,2
1325846,0,1,1,16,0,1
1326129,0,3,1,19,4,6
1326625,0,1,0,15,0,2
1326700,0,3,1,14,0,1
1326706,0,2,1,16,4,0
1327159,2,3,0,11,0,4
1327895,0,0,1,9,1,4
1327944,0,3,0,14,0,6
1328294,3,1,1,12,1,4
1328322,0,1,0,13,0,2
1328618,0,1,1,16,6,5
1328631,3,2,0,6,1,5
1329042,0,1,1,9,4,4
1329103,0,3,1,15,0,6
1329152,0,1,1,6,0,6
1329598,0,3,1,14,0,6
1329613,0,3,0,13,0,5
1329923,0,1,1,6,1,4
1330389,0,0,0,8,0,5
1330437,1,3,1,14,1,6
1330654,0,2,1,8,4,6
1331323,3,0,1,5,0,4
1331835,0,0,1,13,6,5
1332066,0,1,1,11,6,0
1332882,0,2,1,11,4,0
1333211,0,2,1,14,6,2
1333232,0,1,1,18,4,0
1333510,3,2,0,10,1,6
1450219,0,1,0,11,0,3
1334237,3,3,0,11,0,5
1334698,1,3,0,8,3,5
1334707,0,0,1,6,4,1
1334767,0,1,1,0,0,5
1334849,0,2,0,11,4,2
1334892,3,1,0,12,4,4
1335400,0,3,0,20,1,4
1335452,0,3,1,13,4,6
1335786,0,2,1,11,1,0
1336306,0,3,1,19,0,4
1336569,0,2,0,13,1,1
1336624,0,1,1,11,4,6
1336718,0,3,0,20,0,2
1336879,1,2,1,6,0,6
1336900,0,0,1,8,5,2
1337239,0,3,0,20,3,2
1337370,0,3,1,12,0,2
1338279,3,3,0,15,0,0
1338708,0,2,1,9,0,6
1338952,0,1,0,11,4,1
1339034,0,2,1,12,0,0
1339123,0,3,1,15,4,6
1339351,0,3,0,19,0,0
1339590,0,1,0,12,4,0
1339709,0,1,1,12,0,0
1339864,0,1,0,16,0,4
1340097,0,1,1,4,4,5
1340533,0,2,0,6,3,6
1340944,0,3,1,7,4,4
1341255,3,0,1,12,6,6
1341269,1,2,1,14,4,6
1341922,0,3,1,5,1,0
1342074,2,3,0,16,0,5
1342323,0,3,1,17,3,1
1342900,0,3,1,11,0,4
1343082,0,2,0,2,5,0
1343699,1,1,0,2,5,6
1343752,3,2,0,13,0,4
1344562,4,1,0,13,0,4
1344834,0,1,1,6,5,0
1345002,0,0,1,1,5,4
1345147,0,0,1,6,4,4
1345154,0,3,0,13,4,0
1345280,0,3,0,11,4,6
1345306,0,3,0,9,6,5
1346029,4,1,0,8,0,0
1346091,0,3,1,13,6,5
1346846,1,2,0,15,0,6
1347010,0,2,0,16,0,0
1347232,0,3,1,14,0,5
1347350,0,2,0,16,0,0
1352827,3,0,1,8,4,5
1348382,0,3,1,20,4,6
1348384,3,2,0,7,0,5
1349027,4,2,0,6,4,6
1349465,0,0,0,6,4,4
1349673,0,1,0,12,0,4
1350395,0,3,1,16,0,2
1350604,1,3,0,11,0,5
1350619,0,0,1,5,4,4
1350897,0,2,0,15,4,5
1350906,0,1,0,10,0,4
1351104,0,1,1,7,4,2
1351155,0,2,1,14,4,6
1352329,0,2,1,15,4,0
1352410,0,3,0,19,4,0
1352421,0,2,1,15,0,2
1352985,3,3,0,14,0,2
1353078,1,1,1,0,0,4
1353358,1,3,0,13,4,6
1354412,3,3,1,13,0,0
1354488,3,2,1,0,0,2
1354902,3,2,0,15,4,5
1355076,1,2,1,13,0,6
1355251,0,2,1,18,1,6
1355259,0,3,1,12,0,4
1355555,0,2,0,11,1,0
1355852,0,3,0,9,0,2
1356836,3,2,1,12,4,5
1357043,0,3,0,18,0,1
1357230,3,1,0,6,0,3
1357276,0,1,0,4,0,2
1357332,0,3,1,18,0,5
1357366,3,1,1,15,6,1
1357590,0,1,0,9,4,2
1357787,1,2,1,14,0,6
1357794,0,1,1,8,4,1
1357887,0,3,1,12,0,1
1357904,0,3,1,15,6,4
1357920,0,1,1,10,4,4
1436826,2,1,1,6,0,5
1358122,3,3,0,19,3,6
1358186,0,3,0,19,0,4
1358193,0,2,0,10,4,0
1358495,0,3,0,20,0,0
1358597,0,2,0,14,0,0
1358755,3,3,0,17,0,0
1359210,0,1,1,13,0,1
1359288,1,2,1,20,0,6
1359317,0,1,1,1,4,0
1359352,0,1,1,4,4,1
1359394,0,2,1,6,0,6
1359667,0,2,1,14,4,0
1359721,1,2,1,0,0,4
1449765,3,2,0,6,0,1
1359927,0,2,1,8,6,6
1360033,0,2,1,0,0,5
1360063,1,2,1,9,4,6
1360455,0,3,0,17,4,6
1360797,0,2,1,6,4,0
1361338,1,1,1,12,6,6
1361714,0,1,1,12,1,5
1362588,1,0,0,4,4,5
1364210,0,1,1,15,6,2
1364597,0,3,0,18,0,2
1364642,0,1,1,6,5,5
1364735,0,1,1,11,4,5
1365030,1,1,1,0,0,6
1365414,0,2,0,13,3,5
1365890,0,1,1,14,5,2
1366161,0,2,1,20,0,6
1366966,0,1,1,13,0,2
1367037,0,2,0,15,0,5
1367308,0,2,0,14,4,2
1367526,0,3,1,15,4,6
1367624,0,1,1,7,6,5
1367647,0,2,0,12,4,0
1367853,0,1,0,5,5,3
1367932,0,1,0,6,3,1
1367997,0,3,0,16,0,2
1368558,0,2,0,15,3,6
1369058,0,1,0,12,0,4
1369068,0,2,1,11,4,4
1369417,0,3,0,17,0,1
1369569,3,2,1,15,6,6
1369601,0,2,0,15,4,0
1369630,1,1,1,12,3,4
1369755,0,3,1,14,0,0
1369882,0,1,0,12,1,2
1370196,0,1,1,2,4,6
1370368,1,2,0,10,4,4
1370584,0,1,0,12,4,0
1370649,0,3,1,12,0,2
1371433,3,1,1,11,0,3
1371956,0,2,1,8,0,5
1372040,0,2,0,15,6,4
1372085,3,2,0,16,1,4
1372161,0,2,0,12,4,1
1372378,0,1,1,9,6,4
1372570,0,1,0,10,0,5
1372734,0,1,0,10,0,2
1373512,2,3,1,14,3,6
1373678,0,3,0,10,0,6
1373694,0,1,0,6,4,2
1373736,0,3,0,15,0,4
1373753,0,0,0,0,4,6
1373756,0,3,0,16,0,6
1373818,3,1,1,14,3,4
1373848,1,3,1,10,4,4
1374200,0,3,0,15,0,5
1374291,0,3,0,14,0,2
1374387,0,2,0,14,6,2
1374467,0,1,1,9,4,1
1374665,0,1,1,6,5,2
1374987,1,2,1,6,0,6
1375117,0,1,1,15,4,0
1375269,1,2,0,15,0,6
1375800,3,3,1,14,0,6
1376150,0,3,1,17,0,0
1376314,0,3,0,17,0,2
1376776,1,3,0,15,0,2
1376779,3,3,0,16,0,2
1376782,0,1,0,0,3,5
1376862,0,1,1,12,6,2
1377167,0,3,0,14,0,4
1377290,0,3,1,19,6,2
1377305,0,2,1,20,0,6
1377471,0,0,0,12,1,0
1379633,0,1,1,11,1,0
1380132,4,1,1,3,5,4
1380306,0,3,0,14,1,2
1380520,0,3,1,18,0,1
1380698,0,3,1,14,0,6
1380732,3,0,1,16,6,0
1380817,0,3,1,7,0,6
1381606,0,3,0,5,0,5
1396922,1,1,0,13,0,6
1382336,1,2,0,17,0,4
1382745,0,1,1,9,4,0
1383217,0,3,0,10,1,2
1383462,0,2,1,17,0,1
1383599,0,2,0,15,0,0
1383711,3,1,1,16,0,4
1384047,1,1,1,7,0,6
1385034,0,2,0,17,0,2
1385523,0,2,0,11,4,5
1385815,0,3,1,15,0,1
1385846,0,3,1,18,0,1
1385849,0,3,1,12,4,4
1385871,3,0,0,11,5,5
1385907,0,1,0,13,0,2
1385913,3,2,1,9,0,2
1386245,4,3,1,12,0,6
1386265,3,3,0,12,0,4
1386304,0,1,1,9,4,2
1386359,0,2,0,2,0,5
1386576,4,2,1,15,0,5
1386686,0,3,0,18,0,2
1386950,0,1,1,10,1,5
1387161,0,1,1,15,0,1
1387552,0,2,1,12,0,4
1387597,4,1,0,10,3,0
1388385,0,2,1,11,0,5
1388556,0,2,0,15,0,1
1388557,0,1,0,8,5,2
1388866,0,3,0,13,0,2
1388872,0,1,0,10,4,2
1389130,0,3,1,4,0,4
1389337,0,2,0,18,0,2
1389489,0,2,1,11,0,0
1389494,0,3,0,17,0,2
1389719,3,3,0,15,0,5
1389803,0,0,1,11,4,0
1389967,0,1,0,12,3,6
1390554,4,2,1,15,0,0
1391049,0,2,1,15,4,0
1391053,3,2,1,0,5,6
1391220,0,3,0,17,1,5
1391303,2,1,1,7,0,5
1391463,0,3,1,16,0,4
1391473,3,2,1,4,4,4
1392048,0,3,0,15,0,4
1392260,0,3,0,20,0,2
1392288,3,2,1,10,0,4
1392769,3,3,0,17,0,2
1392870,0,2,0,11,0,0
1392884,0,1,0,11,0,4
1393043,3,3,1,10,3,6
1393114,0,3,1,20,1,6
1393168,0,2,1,11,0,4
1393285,0,3,0,18,0,2
1393289,0,3,0,17,0,0
1393419,2,0,0,3,5,6
1393425,0,3,1,11,0,6
1393439,3,3,1,18,6,4
1393752,0,3,1,20,4,2
1393780,2,3,1,19,0,2
1393808,0,3,0,15,0,0
1394003,0,3,1,15,6,0
1394084,0,3,1,20,1,6
1394198,0,2,1,10,0,2
1394228,0,3,1,9,4,0
1394961,3,0,0,11,0,4
1395132,0,1,0,0,0,6
1395304,0,3,1,10,0,4
1395427,1,2,1,13,0,6
1395732,0,1,0,12,4,2
1395856,0,3,1,18,0,0
1396001,0,1,1,2,5,6
1396011,0,3,0,16,1,5
1396068,0,3,0,12,4,2
1396251,1,1,0,8,0,6
1397937,3,2,1,5,1,6
1398006,0,3,0,17,1,0
1398058,0,3,0,10,4,6
1398308,0,3,0,13,0,0
1398312,0,1,0,12,4,6
1398483,0,2,0,17,0,2
1399234,3,0,1,3,0,0
1399479,0,2,1,11,0,0
1399573,4,3,0,14,0,2
1399600,0,2,1,5,4,2
1399697,0,1,0,12,4,6
1400170,0,2,1,13,4,6
1400317,0,1,1,17,0,6
1400350,0,2,1,8,1,0
1400423,3,1,1,5,4,4
1400526,0,1,1,6,4,4
1400658,0,1,1,0,3,5
1400967,3,1,1,9,5,4
1400982,0,3,1,12,0,5
1401495,0,3,1,14,4,0
1401538,4,3,0,15,0,6
1401953,3,2,1,14,0,4
1404041,0,3,0,18,0,2
1404654,0,0,1,0,3,4
1405044,0,1,1,0,6,2
1405210,0,3,0,13,0,2
1405269,3,3,0,17,1,5
1405702,0,3,0,18,4,4
1405870,0,1,1,2,5,0
1405899,0,3,1,10,0,5
1406111,1,3,0,12,0,6
1406271,3,2,0,10,0,5
1406304,0,3,1,16,0,0
1406745,0,3,1,16,4,6
1406806,0,1,0,12,4,4
1406874,0,0,1,0,5,2
1407018,0,2,0,16,0,5
1407251,0,3,1,17,6,5
1407292,0,3,1,9,4,6
1407773,0,1,0,10,1,2
1408180,0,3,1,14,4,1
1408352,0,2,0,14,0,2
1408547,0,3,0,15,4,5
1408783,0,3,1,16,0,4
1409221,4,3,0,15,0,6
1409451,3,0,1,8,0,4
1410171,3,3,0,10,0,3
1410712,3,1,0,9,1,4
1410838,3,1,1,0,0,5
1411185,4,2,1,16,4,5
1411198,0,2,0,14,4,5
1411270,1,2,0,11,4,4
1411522,3,2,0,14,4,6
1411850,3,0,0,0,0,2
1412002,0,1,1,5,1,4
1412281,0,3,1,0,1,6
1412300,1,1,0,4,5,5
1412510,3,2,1,10,1,2
1412883,0,1,0,3,5,2
1413098,0,2,1,12,0,0
1413129,0,2,1,5,0,5
1413366,0,2,1,13,0,0
1418529,0,1,0,10,0,0
1413714,3,2,0,6,0,6
1414211,0,2,1,12,0,6
1414219,0,2,0,11,0,1
1414266,1,0,0,0,3,6
1414278,3,2,1,17,0,0
1414419,1,2,1,12,4,6
1414473,0,2,0,10,4,0
1414936,2,3,0,20,4,5
1414999,0,3,1,20,1,2
1415191,0,2,1,15,4,6
1415249,0,3,1,14,0,2
1415341,4,2,1,4,1,4
1415764,0,1,0,8,0,6
1416050,0,1,0,10,5,0
1416182,0,2,1,18,6,5
1416183,0,3,0,15,0,1
1416291,0,3,1,10,3,6
1416310,0,3,1,18,6,1
1416723,0,3,0,19,4,5
1416766,0,1,0,13,0,0
1416971,0,2,0,16,0,2
1417173,0,3,1,18,1,6
1417246,0,2,0,11,4,5
1417258,0,3,0,13,4,0
1417771,1,3,1,12,0,6
1418227,0,2,0,10,4,1
1418428,0,2,0,13,4,2
1418576,3,1,1,8,6,6
1418637,0,2,0,11,0,6
1418650,0,2,1,11,0,5
1419307,0,2,0,11,0,0
1419366,1,1,0,17,0,4
1419629,0,3,0,17,0,6
1419645,0,1,0,8,0,1
1419686,0,2,0,11,0,0
1420053,0,1,0,20,0,0
1420804,0,2,1,6,0,4
1421177,0,3,1,15,4,6
1421214,0,3,0,15,0,2
1421218,1,2,0,7,0,4
1421568,3,3,1,12,6,4
1422091,3,2,1,17,0,3
1422100,0,3,1,14,0,1
1422195,1,2,1,12,4,5
1422724,0,3,1,15,1,0
1423411,3,2,1,10,4,5
1423667,3,1,1,6,5,4
1423813,2,3,1,16,0,2
1423875,2,3,0,15,0,2
1423882,0,3,0,19,0,2
1424998,1,2,1,8,4,2
1424999,3,1,1,6,1,4
1425041,0,2,1,9,0,5
1425190,0,1,1,3,0,4
1425279,0,1,1,11,4,5
1425412,0,1,1,9,4,0
1481727,0,0,0,4,0,4
1426078,0,2,0,16,0,2
1433129,1,0,0,11,0,0
1572746,3,3,0,20,0,6
1426569,0,1,0,13,5,0
1426621,0,2,1,14,1,2
1426807,0,3,0,17,0,2
1426864,0,2,1,8,4,4
1427043,0,1,1,8,0,1
1427103,3,2,0,15,3,4
1427105,0,2,1,14,0,0
1427121,3,2,0,5,0,6
1427249,0,3,0,17,0,0
1427268,0,1,1,8,6,1
1427306,0,3,0,13,0,6
1427313,0,3,0,15,0,0
1427798,1,1,1,12,0,5
1427859,1,3,0,17,0,1
1428038,0,2,1,12,1,4
1428049,3,2,0,14,4,1
1428084,0,1,0,10,0,4
1428148,1,2,0,8,3,6
1428150,0,2,1,11,0,0
1428334,1,2,0,12,4,6
1428556,0,2,0,7,4,0
1428716,0,2,1,12,4,6
1428729,1,1,1,10,0,6
1428895,0,2,1,4,5,2
1429120,0,2,1,13,1,0
1429171,0,3,0,16,0,1
1429178,4,3,1,13,0,4
1429320,0,3,1,15,0,6
1429323,0,2,0,16,1,6
1429442,0,2,0,10,4,5
1429511,0,0,0,6,5,2
1429648,0,1,0,11,0,1
1429781,0,3,1,19,0,2
1429951,0,3,0,11,0,5
1430321,0,1,1,18,0,4
1430350,0,3,0,20,0,1
1430414,0,3,1,12,3,0
1430418,1,3,0,11,1,6
1430464,0,3,0,17,0,1
1430517,0,3,0,15,0,6
1430848,0,3,0,20,0,1
1430849,0,3,0,15,4,2
1430878,0,1,0,12,4,6
1430904,1,2,0,7,4,6
1431166,0,3,1,14,1,4
1431218,0,3,1,17,6,0
1431330,1,3,1,7,5,6
1431349,0,0,0,5,1,6
1431704,0,2,1,12,0,2
1431982,0,3,1,8,3,3
1432093,0,2,1,10,4,2
1432192,4,3,1,15,0,2
1432799,3,3,1,12,0,2
1432805,0,3,0,17,1,6
1432826,0,2,0,14,0,1
1432862,0,3,0,17,0,0
1432910,3,2,0,5,1,6
1433603,0,2,1,12,1,2
1433648,1,3,0,13,0,6
1433822,0,2,0,13,0,2
1433891,2,3,0,15,0,5
1433930,4,2,1,6,5,4
1434176,1,2,0,13,1,4
1434338,0,3,0,20,0,0
1434667,2,3,0,15,0,6
1435026,0,3,0,15,4,4
1435073,0,3,0,13,0,2
1435123,3,1,1,4,0,6
1435124,0,2,0,14,0,6
1435710,1,3,1,11,3,6
1474726,3,1,0,0,0,2
1435822,1,1,1,5,3,4
1435954,0,2,0,13,0,0
1436017,4,3,0,15,4,2
1436159,0,2,0,13,0,4
1436287,0,3,0,8,5,6
1437062,0,1,1,16,0,0
1437184,0,3,1,10,0,4
1437361,0,2,1,16,0,2
1437468,0,2,1,11,0,1
1438085,0,0,1,0,4,2
1438124,0,3,0,20,0,4
1438160,0,2,1,11,0,2
1438797,0,1,0,17,0,2
1439106,4,2,1,11,4,2
1439271,4,3,1,18,4,6
1439567,0,2,1,16,0,0
1439952,0,3,0,10,1,0
1439963,4,3,1,10,6,4
1440000,0,2,1,20,1,2
1440356,0,3,0,20,1,0
1440508,0,3,0,14,0,0
1440553,0,2,0,12,0,2
1440598,0,3,0,14,0,6
1440695,0,3,1,17,0,6
1440888,0,3,0,18,4,6
1440895,0,1,1,12,0,5
1440961,0,2,1,12,0,4
1441363,0,1,1,12,0,0
1441370,2,3,0,16,0,6
1441516,0,2,1,17,4,6
1441648,0,1,0,4,0,2
1441668,0,1,0,16,1,2
1441685,0,0,0,5,5,1
1441769,0,1,1,9,4,0
1442001,0,1,1,0,0,2
1442426,0,1,1,12,0,4
1442497,0,2,0,11,0,0
1442503,0,3,1,17,0,5
1442538,0,2,1,11,6,6
1442548,0,3,0,1,4,2
1442695,0,3,1,16,4,6
1442762,0,1,0,17,0,2
1442780,0,2,0,16,0,1
1442788,1,3,0,9,0,4
1442874,1,2,1,15,0,6
1443047,1,1,0,11,0,4
1443190,0,1,1,13,1,2
1443266,0,2,0,8,5,2
1443426,1,2,1,15,0,6
1443450,0,3,0,15,0,1
1443566,0,2,0,15,0,2
1443815,0,1,1,11,4,5
1443934,2,3,1,11,0,1
1443944,0,3,1,11,4,4
1444186,0,3,0,20,0,1
1444517,0,3,0,15,1,0
1444620,0,3,1,12,0,5
1444625,0,1,1,12,4,4
1444982,3,3,0,7,4,0
1445367,3,0,0,0,3,2
1445395,2,3,1,20,4,6
1445399,0,3,1,12,0,6
1445600,0,1,1,15,6,0
1446410,4,2,1,9,0,0
1447429,0,2,0,8,0,5
1447436,0,3,0,13,0,6
1447639,0,3,1,16,0,1
1447679,2,2,1,7,0,4
1447803,0,3,0,18,0,2
1447860,0,1,0,10,0,2
1447926,3,1,1,2,0,4
1447982,0,3,1,10,4,6
1448049,0,2,1,18,0,6
1448218,1,2,1,10,0,4
1448324,0,1,0,10,4,3
1448351,0,2,1,9,0,0
1448486,0,3,1,14,0,6
1448539,0,2,0,12,4,1
1448572,0,1,0,11,0,2
1448620,3,1,1,16,4,6
1448761,0,2,1,9,0,6
1448803,0,3,0,16,1,2
1448900,0,3,1,18,4,4
1448902,0,3,0,15,0,2
1449040,0,2,1,7,0,2
1449208,0,3,1,12,1,3
1449247,0,1,1,12,0,2
1449286,0,3,0,8,0,0
1449625,0,3,0,14,0,0
1449907,0,2,0,5,0,0
1449948,0,1,1,10,4,4
1450059,0,3,1,17,4,0
1450318,0,2,0,12,4,5
1450340,0,2,1,13,0,6
1450421,3,0,0,9,0,6
1450469,0,3,0,9,0,6
1450611,0,1,0,10,4,4
1450876,3,3,1,12,4,6
1450892,0,3,0,19,0,6
1451051,2,3,1,17,0,1
1451253,0,2,1,10,0,1
1451451,0,3,0,16,0,6
1451613,0,3,1,11,4,0
1452019,0,2,1,13,0,1
1452205,0,1,1,12,0,1
1452562,1,3,1,11,0,6
1452851,0,1,0,13,0,2
1453546,1,3,1,7,4,6
1453585,1,3,0,16,0,4
1454372,0,2,1,12,4,5
1454408,2,3,1,20,0,2
1454600,1,2,1,11,0,6
1455346,0,1,0,20,1,0
1455696,0,3,0,14,1,2
1455734,0,1,0,14,4,6
1459910,0,3,1,11,0,0
1460031,0,2,0,15,0,5
1460152,0,3,0,15,0,4
1460246,4,1,1,0,3,4
1460407,0,3,0,15,0,2
1460409,3,2,1,13,0,6
1460426,0,2,1,11,4,4
1460452,0,1,0,14,0,6
1460559,0,1,1,7,4,1
1460831,0,1,1,16,0,6
1461095,0,2,0,14,0,1
1461113,0,2,0,9,4,4
1461165,0,0,0,5,5,4
1461366,0,1,1,12,6,1
1461387,0,3,1,9,0,3
1461472,0,3,1,16,0,6
1461908,0,0,1,9,3,4
1462206,0,1,1,9,1,0
1462396,0,1,1,12,4,2
1462476,0,2,1,20,0,1
1462522,0,1,1,12,4,5
1462689,4,1,1,8,3,3
1463116,4,2,0,20,3,4
1463119,0,1,1,0,6,4
1463158,0,3,1,15,0,4
1463231,0,1,1,14,0,2
1463379,0,3,1,14,6,5
1463474,0,3,1,15,0,0
1463501,4,3,1,10,0,6
1463535,0,3,0,12,1,2
1463567,0,0,1,9,0,3
1463639,0,2,1,8,1,4
1463657,0,1,1,10,0,1
1463669,0,3,1,10,0,6
1463687,0,2,0,14,0,4
1463696,0,2,1,10,3,5
1463711,0,2,1,13,4,1
1463896,0,3,0,20,1,6
1463914,0,3,0,8,0,6
1464058,0,3,1,15,0,5
1464204,0,3,0,13,0,0
1464255,0,0,0,10,0,1
1464301,0,3,0,17,0,6
1464336,0,2,0,11,5,4
1464735,0,2,0,11,0,0
1464858,0,1,0,12,4,2
1464927,0,2,1,3,5,5
1465015,0,3,1,10,4,0
1465060,0,3,0,18,4,0
1465198,0,2,1,19,0,0
1465464,0,3,1,17,4,2
1466052,0,3,1,15,0,4
1466055,0,1,1,11,0,2
1466696,0,1,0,6,4,4
1467040,0,3,1,15,0,0
1467076,0,2,1,9,4,0
1467210,0,2,1,15,0,1
1467309,0,1,1,13,3,5
1467473,0,3,1,20,4,6
1467982,0,3,1,19,4,2
1468047,0,1,1,6,6,0
1468062,3,1,0,9,1,6
1468097,0,1,0,14,0,5
1468117,0,2,1,9,0,4
1468188,0,3,1,20,0,1
1468216,1,2,1,12,0,6
1468609,0,1,0,14,0,1
1468655,0,1,1,6,6,5
1468717,0,2,0,11,0,0
1468858,0,0,0,13,0,1
1468860,0,1,0,15,0,2
1468927,0,2,1,13,6,1
1469079,0,2,1,3,4,2
1469247,2,3,1,17,0,6
1469380,0,1,1,10,0,4
1469609,3,1,1,7,2,4
1469677,0,2,1,15,0,0
1469948,0,2,0,11,4,6
1470314,0,3,0,17,4,2
1470687,0,3,1,19,0,1
1470714,0,2,1,0,0,4
1470929,0,2,0,13,0,0
1471072,2,2,1,11,0,0
1471132,0,3,1,15,0,6
1471244,0,2,0,11,0,0
1471389,0,1,1,9,6,4
1472088,0,2,1,9,3,0
1472132,0,3,1,11,0,5
1472636,0,2,0,12,0,1
1472775,0,1,1,15,4,2
1472776,0,1,1,13,0,3
1472832,0,2,1,15,0,2
1472949,3,0,1,14,6,6
1473460,0,3,0,18,0,1
1473492,0,3,0,11,0,6
1473523,0,1,1,3,4,4
1473593,0,3,1,20,1,6
1473740,0,3,0,16,0,0
1473770,0,3,0,10,0,2
1473815,0,3,1,10,4,0
1473827,0,3,1,17,0,6
1473834,4,3,0,10,4,0
1473845,1,1,1,7,4,4
1473951,0,3,1,19,0,2
1474596,0,2,1,13,0,2
1474950,0,3,0,18,0,0
1475004,0,1,0,4,4,1
1475237,0,3,1,12,4,5
1475258,0,3,0,17,4,5
1475287,0,2,1,12,0,5
1475348,0,0,1,3,5,4
1475408,0,1,0,7,1,2
1475569,0,2,0,12,4,5
1475573,0,1,0,6,0,1
1475687,0,2,0,13,0,6
1475830,1,1,1,8,0,6
1476106,0,2,0,11,0,0
1476138,0,2,0,8,4,0
1476197,0,1,1,7,4,3
1476204,0,2,0,0,2,4
1476241,0,2,0,18,1,0
1476614,0,3,0,19,0,6
1476880,0,3,0,15,0,2
1476897,0,3,0,18,0,1
1477359,0,2,0,16,0,6
1477748,0,3,1,11,0,4
1477999,0,2,1,10,6,2
1478143,2,3,0,20,0,4
1478349,0,3,1,14,0,6
1478533,1,1,0,16,0,6
1478607,0,1,0,15,0,6
1478743,0,1,0,14,4,2
1479063,0,3,0,17,0,1
1479231,0,3,0,16,0,0
1584062,0,2,1,16,0,2
1479294,0,1,1,9,0,2
1479324,0,3,1,15,0,2
1479397,0,1,1,9,4,5
1479491,0,0,1,7,5,2
1479993,0,1,1,12,0,4
1479996,0,2,0,18,4,0
1480090,0,1,0,1,0,4
1480548,0,1,1,6,4,5
1480579,0,1,1,14,6,1
1480600,3,2,1,11,0,2
1480687,0,2,0,15,0,2
1480792,0,3,0,12,3,0
1480863,0,3,1,14,0,0
1481178,0,1,0,2,3,4
1481231,0,2,1,6,0,1
1481281,0,1,0,15,0,0
1481373,0,2,1,12,0,2
1481626,0,3,0,11,4,0
1481823,0,1,1,5,5,2
1481915,4,0,1,7,4,2
1482248,0,2,0,13,0,0
1482309,0,2,0,14,4,0
1482968,0,3,1,15,0,1
1483177,0,2,1,15,0,1
1483193,0,1,1,9,4,1
1483699,1,1,0,9,4,6
1483783,0,2,0,15,0,6
1483881,3,2,0,0,5,6
1484925,0,1,1,10,0,4
1484962,0,2,1,13,6,0
1485145,0,3,0,15,1,4
1485347,0,3,0,20,0,1
1485505,0,1,1,10,1,2
1485737,0,3,1,15,0,0
1485816,0,0,1,0,5,4
1485826,0,2,0,8,3,3
1486488,3,1,1,15,6,2
1486575,2,2,1,18,0,5
1486615,0,3,1,12,4,2
1486622,0,3,1,11,3,5
1486647,0,2,0,13,0,4
1486788,1,2,1,14,0,5
1487626,0,3,0,16,0,6
1487797,0,2,0,15,4,1
1487800,0,2,1,12,0,4
1487850,0,2,1,8,0,6
1488008,0,3,0,11,4,0
1488021,0,3,1,13,0,6
1488034,0,2,0,8,4,4
1488308,1,2,0,17,0,6
1488530,0,1,0,5,1,6
1488537,0,1,1,15,0,2
1488866,0,3,1,15,0,6
1488892,0,3,0,11,0,2
1489001,0,2,1,12,1,0
1489031,3,0,1,12,1,5
1489299,0,1,1,6,6,2
1489385,0,3,1,17,0,0
1489538,1,0,1,3,0,2
1489770,0,1,0,10,5,4
1490205,1,2,1,7,4,6
1490365,0,2,1,14,4,4
1490926,0,3,1,19,0,4
1491112,4,3,0,19,0,1
1491338,3,2,0,11,0,4
1491704,0,1,1,15,0,2
1491733,3,1,1,10,0,5
1491893,0,3,0,13,0,1
1491939,1,1,1,3,0,2
1491984,0,1,1,14,4,2
1492209,0,1,1,5,0,2
1492240,0,0,0,13,5,2
1492408,0,2,0,14,0,5
1492428,0,2,0,9,0,0
1492500,0,1,1,14,4,0
1492679,0,3,1,19,0,6
1492681,2,3,1,19,0,4
1492996,0,1,1,6,6,1
1493069,0,2,1,15,4,0
1493474,0,1,1,17,0,1
1493563,1,2,1,0,5,6
1494467,0,1,1,10,4,0
1494607,0,3,0,15,0,6
1495097,0,3,0,17,4,4
1495806,0,2,0,1,1,0
1495950,0,1,0,12,0,1
1496040,0,2,0,12,0,0
1496061,1,0,1,11,0,4
1496097,0,1,1,11,4,2
1496110,0,2,1,7,4,6
1496158,0,3,1,16,0,4
1496160,0,2,1,17,4,2
1496427,0,1,0,9,0,2
1496449,0,2,0,17,0,6
1496499,1,2,1,9,4,6
1496505,1,2,1,20,0,4
1497043,3,3,1,14,0,2
1497071,0,3,0,16,0,4
1497116,0,2,0,17,0,0
1497188,0,1,0,14,0,6
1497343,0,2,1,18,0,0
1497423,3,1,1,3,4,6
1497606,3,2,0,14,1,4
1497615,0,1,1,16,4,2
1497624,0,0,0,8,0,4
1497761,0,3,1,15,0,2
1497851,0,1,1,13,3,6
1497934,1,0,0,0,0,6
1498189,0,1,1,12,0,2
1498338,0,1,1,8,1,4
1498375,0,1,1,11,1,0
1498433,0,2,0,13,0,1
1498547,0,2,0,8,0,4
1498750,0,1,0,12,4,3
1498796,1,2,1,8,6,6
1498991,0,3,1,10,0,2
1499385,0,3,0,6,4,4
1499779,3,1,1,13,6,4
1568731,2,2,1,11,4,2
1500016,0,1,0,3,5,5
1500515,1,3,1,11,0,5
1500546,0,3,1,12,4,6
1500581,0,2,0,10,0,6
1500604,2,3,1,15,0,5
1500752,0,1,0,6,0,3
1500912,2,3,0,10,0,4
1500942,0,2,1,4,6,6
1501019,0,3,0,18,0,2
1501256,0,2,1,12,0,1
1501433,1,1,1,3,4,6
1501742,2,0,0,6,4,0
1501895,0,2,1,13,0,1
1501925,3,0,0,12,3,6
1501936,0,3,0,18,1,4
1502071,1,1,0,13,4,6
1502272,0,1,0,17,4,2
1502299,2,3,0,17,0,5
1502354,0,3,1,14,6,1
1502386,0,3,1,17,0,5
1502420,0,1,0,7,0,0
1502503,0,0,0,3,6,2
1502568,0,2,0,13,0,2
1502587,0,3,1,20,0,6
1502679,1,1,0,0,3,4
1502843,0,2,0,12,0,5
1502921,0,1,1,10,1,6
1502950,0,2,0,5,1,2
1503116,0,2,0,17,4,4
1503317,0,3,0,19,0,0
1503334,1,2,0,5,0,5
1503680,0,3,0,6,1,4
1503702,0,1,0,8,0,4
1503805,0,3,0,19,0,0
1504045,0,3,0,17,0,2
1504316,2,3,0,11,0,6
1504388,1,1,0,6,0,4
1504433,3,1,0,15,0,4
1504725,4,2,1,10,0,6
1504792,0,3,1,15,4,4
1504856,0,2,1,16,0,4
1504937,0,2,0,15,4,1
1505170,3,2,0,7,1,4
1505550,0,1,0,15,0,0
1506237,0,3,1,17,0,2
1507054,0,1,1,10,6,2
1507061,3,0,1,8,4,4
1507071,0,3,1,20,3,1
1507287,0,2,1,13,4,6
1507350,2,3,0,17,0,4
1507489,0,3,0,15,1,4
1507694,0,2,0,10,0,3
1507800,3,0,0,7,4,4
1508047,0,1,0,15,0,2
1508335,0,3,0,18,0,6
1508879,0,3,0,12,0,0
1509770,0,2,1,15,0,0
1509793,0,2,0,12,0,6
1509813,1,1,0,3,4,6
1510327,3,1,0,5,6,2
1517835,0,2,0,16,0,0
1511427,0,1,0,9,0,4
1511448,1,1,1,12,0,6
1511812,0,3,0,12,0,1
1512336,1,3,1,15,0,6
1512770,0,2,1,3,4,0
1527537,0,1,1,10,3,1
1513586,0,2,0,15,0,1
1514001,1,2,1,9,5,2
1514132,2,3,0,19,0,5
1514295,0,3,1,19,6,4
1514334,0,3,0,17,0,0
1514465,0,1,1,15,6,5
1514649,0,1,0,12,0,5
1515063,0,3,1,16,0,1
1515538,0,0,0,8,1,2
1515798,0,1,0,6,5,0
1516473,1,1,1,14,0,5
1516699,0,2,0,16,0,4
1516708,1,2,0,7,0,4
1516760,0,3,0,13,0,6
1516882,0,1,1,9,6,0
1516911,0,1,0,11,0,0
1517019,0,2,1,9,4,5
1518436,3,1,0,6,4,5
1518663,3,3,1,20,0,4
1518921,0,1,1,9,5,4
1519752,0,1,1,17,0,1
1519801,0,3,1,17,0,5
1519865,0,1,0,13,0,0
1519895,0,2,0,12,0,1
1519956,3,1,1,8,0,4
1520199,0,1,1,11,6,4
1520249,0,1,1,13,0,6
1520542,0,2,0,10,0,0
1520680,0,1,1,2,4,4
1520743,1,0,1,6,0,6
1520932,0,0,1,6,0,2
1521044,0,1,0,12,0,6
1521149,4,2,0,12,4,2
1521324,3,2,1,12,3,1
1521566,0,2,1,12,6,2
1522017,0,2,1,11,0,4
1522196,1,2,0,9,0,5
1522498,0,3,1,15,4,0
1523948,0,2,0,17,1,1
1524394,0,1,0,6,4,4
1525752,2,3,0,13,0,1
1525774,0,3,1,17,1,5
1527012,3,0,1,11,0,0
1527359,0,3,1,15,0,0
1528420,3,2,1,12,0,6
1539192,0,3,1,18,6,6
1539336,0,1,0,6,5,6
1539493,3,3,0,16,0,4
1539583,0,2,1,15,0,1
1539586,0,1,0,2,1,1
1539589,2,2,1,16,0,5
1539607,3,1,0,5,5,6
1539614,0,0,1,4,5,6
1539901,0,3,1,17,0,2
1540084,0,1,1,10,0,4
1540100,3,1,1,13,0,5
1540117,0,3,1,6,0,6
1540127,0,3,0,18,0,4
1540469,0,1,1,3,1,4
1540631,0,1,1,6,4,5
1541103,0,3,0,18,0,1
1541463,2,2,0,19,0,2
1541826,0,3,1,10,0,1
1542590,0,2,1,12,5,1
1542955,0,3,1,17,0,6
1543014,0,3,1,11,0,1
1543114,0,2,0,13,6,0
1543373,2,1,1,13,4,1
1543423,3,3,0,14,0,5
1543476,0,2,0,13,5,4
1543870,4,2,1,13,0,2
1543884,0,3,0,20,0,4
1544134,2,3,1,17,0,5
1544573,0,1,0,7,1,2
1544613,0,3,0,19,0,2
1544654,4,1,1,5,0,2
1544766,0,2,0,16,0,2
1545246,3,0,1,0,3,4
1545515,1,2,1,11,0,6
1545566,0,3,1,14,0,6
1545651,0,1,1,13,0,6
1545679,0,1,0,11,0,6
1545759,3,0,0,10,4,5
1546001,3,1,1,8,4,2
1546654,0,1,0,11,0,4
1547398,0,1,0,6,3,6
1547467,0,3,1,14,4,4
1547534,1,3,1,12,1,2
1548766,2,3,1,13,0,5
1548908,0,1,0,3,0,1
1549344,0,3,0,16,1,2
1549547,0,1,0,13,4,0
1549877,0,2,0,7,0,6
1549907,0,1,0,14,0,2
1549919,0,3,0,18,0,4
1549950,3,0,0,5,0,5
1549976,2,3,0,15,0,0
1550762,0,2,0,14,0,2
1550794,3,2,1,15,0,6
1551083,0,1,1,0,0,2
1552319,0,2,1,20,4,0
1552831,0,1,0,11,0,0
1552960,0,3,0,20,1,6
1552995,0,1,0,4,5,6
1553025,0,1,1,3,4,4
1553052,0,3,0,12,0,2
1553063,0,2,0,15,4,0
1553128,0,2,1,17,0,6
1553129,0,2,0,13,0,2
1553131,0,1,1,5,0,4
1553285,0,1,0,5,3,4
1553329,4,3,1,18,0,6
1553538,0,3,1,17,0,6
1553821,0,1,1,7,1,2
1554698,0,3,0,7,0,6
1554912,0,1,0,0,3,0
1554955,4,2,1,10,0,4
1555059,0,3,1,15,0,6
1555833,0,1,0,10,1,6
1556033,0,1,1,5,4,4
1556185,2,1,1,14,6,6
1556462,3,3,0,16,0,5
1556464,0,3,0,19,4,6
1557233,0,1,0,12,0,4
1557299,1,1,1,10,6,6
1557799,0,1,0,12,0,2
1558070,0,2,0,14,0,1
1558439,3,1,1,9,3,5
1558862,0,2,0,7,0,4
1558868,0,2,1,8,6,0
1558984,0,3,1,19,0,6
1558999,2,0,1,4,5,4
1559024,0,1,0,13,4,4
1559029,0,1,0,9,4,2
1559336,0,2,0,10,0,4
1559486,0,0,0,9,0,2
1559531,0,1,1,11,6,2
1559623,0,2,1,16,0,5
1559863,0,3,0,17,3,4
1560023,0,3,0,15,0,4
1560059,0,3,0,17,0,1
1560344,0,3,1,20,4,2
1560412,0,3,0,19,1,6
1560598,0,3,1,15,0,6
1560826,0,1,0,12,4,2
94454,2,2,1,16,4,6
102295,3,3,1,10,0,6
134608,0,3,1,7,4,6
179613,2,2,1,8,0,6
188624,0,1,1,10,0,6
1139950,0,1,0,14,6,5
267205,0,2,1,15,0,2
301935,0,3,0,19,0,2
320565,0,2,0,8,4,2
321223,0,2,1,20,4,0
322929,0,1,0,12,1,4
326678,1,1,0,11,0,6
330385,0,3,1,17,0,6
331316,0,1,1,6,4,0
338697,0,3,0,20,0,6
356419,0,2,1,10,4,0
364979,0,1,0,7,0,2
375251,0,1,1,14,5,2
380260,0,1,0,14,0,4
388417,0,2,0,12,4,2
399104,0,1,1,14,5,4
401572,0,3,1,14,1,6
404867,0,3,0,15,0,6
415129,0,3,1,15,0,1
415560,0,2,0,11,0,5
1209547,0,2,0,15,0,3
421623,0,2,1,13,0,5
428004,3,2,1,15,0,6
678585,0,2,1,11,4,1
437574,0,3,1,15,4,6
437609,0,1,0,9,0,0
442602,0,3,1,17,0,5
452496,4,1,1,20,0,3
454643,4,1,1,14,4,2
460904,1,2,0,18,0,5
467748,0,3,1,15,4,0
476142,0,3,0,12,0,2
490706,0,2,0,13,4,2
494206,0,3,0,20,0,2
501267,0,3,1,14,4,1
507113,0,1,1,14,4,6
513953,0,2,1,10,4,2
517002,0,2,0,12,4,2
519832,0,2,1,16,0,0
532285,0,1,1,5,4,5
538739,0,3,1,11,4,2
547724,0,1,0,7,1,2
555399,0,3,1,19,0,6
556492,0,3,1,12,1,6
563400,0,2,0,14,0,2
570740,0,3,0,12,1,0
572038,0,3,1,15,5,0
573598,0,1,1,14,4,0
573816,0,2,0,12,4,2
578098,0,1,1,12,0,0
578285,0,3,1,20,4,1
581819,0,2,0,12,1,2
597991,0,2,1,11,4,4
598588,4,1,1,15,4,6
598741,0,0,1,7,4,0
601858,0,3,0,20,1,1
1457493,4,3,0,16,0,0
611324,0,2,0,13,4,6
611337,0,3,0,6,0,0
611902,0,3,0,16,1,0
613930,0,1,1,12,4,0
622636,0,1,1,18,4,6
625375,0,3,0,11,0,6
626265,0,3,1,10,4,6
631323,0,3,1,18,0,4
634717,0,3,1,9,0,1
641213,0,3,0,17,0,1
644333,2,3,0,20,0,5
647427,0,3,0,16,0,1
657747,0,2,1,16,4,0
670658,0,2,0,18,4,6
673920,0,1,1,4,4,6
674660,0,3,1,17,0,6
680520,0,3,1,19,0,6
683635,0,1,1,14,4,6
685352,0,2,0,15,4,2
687516,0,2,0,12,4,6
695522,3,1,0,13,0,6
702474,0,1,1,9,0,0
703918,0,3,0,15,0,2
1408040,0,3,0,15,0,0
716388,0,3,1,15,4,1
716778,0,3,1,17,0,6
717516,3,2,0,16,4,5
718070,0,3,1,20,4,5
719151,1,3,0,17,1,1
720166,0,1,1,9,0,0
725455,2,3,1,18,0,6
726245,0,3,1,7,0,6
734916,0,1,1,15,5,0
742679,0,3,0,14,0,0
760427,0,1,1,14,0,1
761035,0,1,0,10,4,4
761277,0,1,1,11,1,6
766347,0,2,1,12,4,5
770831,0,1,0,17,0,4
774564,0,3,1,17,0,2
780589,1,3,0,14,4,5
791581,0,3,0,15,4,0
794637,0,3,0,17,0,0
795142,1,2,0,6,0,4
805060,4,1,1,7,4,5
805854,0,3,1,16,6,6
1109077,0,2,0,12,0,2
812528,0,3,1,17,0,0
824911,0,3,0,20,1,5
825227,0,3,0,14,0,2
825361,0,3,1,16,0,0
841147,1,2,0,11,4,2
841665,0,1,1,10,4,6
847499,0,3,0,12,0,6
849056,2,2,1,2,4,0
850916,2,2,1,16,0,6
852040,0,2,0,12,4,0
853272,0,2,1,11,4,2
857400,0,3,1,10,4,6
861722,0,3,0,14,4,6
862894,0,3,0,18,0,6
862930,3,1,1,11,0,6
863439,0,3,0,15,0,5
871875,0,3,0,16,0,0
875287,0,2,0,15,4,0
881564,3,2,0,4,5,6
882518,0,3,1,15,3,1
884198,0,2,0,9,4,6
885388,0,1,1,12,4,5
887248,0,2,1,10,4,0
888403,0,3,0,16,0,0
895349,0,2,1,15,0,0
896053,2,3,1,14,6,0
900620,0,3,0,12,0,2
900718,3,1,1,10,0,6
901550,0,2,0,15,4,1
904150,0,2,0,16,0,0
905887,3,2,0,20,4,2
910892,1,2,0,11,3,6
911482,0,3,0,19,4,4
915913,0,0,0,10,5,3
918459,0,3,1,17,0,6
919659,0,3,0,19,0,5
920340,0,2,0,10,4,6
922678,1,2,1,6,5,6
926679,0,2,0,11,6,0
928410,0,2,1,12,0,2
933105,0,2,0,5,4,6
1076498,3,2,0,5,0,6
934273,0,0,1,0,5,2
937065,0,1,1,13,6,2
938432,3,2,1,7,0,2
941639,0,3,0,19,4,0
945569,0,1,1,16,6,1
948660,2,3,0,17,0,4
948722,0,3,0,18,0,1
949420,0,3,1,7,0,6
953146,0,0,1,12,1,0
953669,1,2,0,10,0,6
958143,0,3,0,12,0,6
958226,0,2,0,17,0,3
959100,0,3,0,17,0,0
960593,0,3,0,11,0,4
962671,4,2,0,4,4,2
968095,0,3,1,18,0,4
974146,4,3,1,18,0,6
975381,0,2,1,15,3,2
976721,0,3,1,13,0,2
977079,0,3,1,15,0,0
979231,4,0,0,0,3,5
980657,1,2,1,8,0,6
982864,0,3,1,17,4,6
984901,0,3,0,20,0,1
986614,0,3,0,9,0,5
986706,0,2,1,19,1,0
988275,0,1,0,6,0,1
991680,0,3,1,14,0,6
1166771,0,1,0,13,0,6
994027,3,3,1,12,0,5
997313,0,3,0,12,0,4
1004717,0,0,0,12,6,2
1004892,0,1,1,16,0,5
1005179,0,3,1,15,4,6
1009143,0,3,0,19,0,4
1015113,0,3,1,12,4,2
1017085,0,1,1,10,4,6
1018058,1,3,1,20,0,6
1021164,0,2,1,12,3,6
1024133,0,3,0,18,0,1
1029794,0,3,0,17,0,2
1029914,0,2,1,8,4,0
1029917,0,3,1,11,0,2
1031514,3,3,0,16,0,2
1034907,1,3,0,15,0,5
1035249,3,0,1,10,0,3
1040465,3,1,1,10,0,2
1048762,0,3,1,14,0,6
1051687,0,2,1,12,1,2
1051911,3,2,0,7,0,4
1052239,0,3,1,14,0,4
1053047,0,1,0,13,1,5
1055401,0,2,0,12,4,2
1075752,0,2,1,9,6,0
1078122,0,3,0,20,4,2
1080667,0,2,1,11,5,6
1084223,0,3,0,11,1,0
1085028,0,1,1,1,3,4
1085397,0,3,1,10,0,2
1090778,0,3,0,16,3,4
1093186,0,1,1,6,0,1
1095380,4,2,0,10,6,2
1110226,0,2,0,14,0,4
1110497,0,1,0,12,4,0
1110580,0,2,0,15,0,1
1112376,0,3,1,13,0,5
1112819,0,1,0,13,0,4
1113064,0,3,1,15,0,4
1113651,0,3,1,18,0,6
1113980,0,1,0,11,0,1
1114634,0,2,1,8,0,2
1116058,0,2,1,17,6,6
1122758,0,1,1,11,4,0
1125420,0,3,0,13,1,4
1126813,0,1,0,0,4,2
1138174,0,2,0,10,0,5
1139437,0,1,0,12,6,6
1142187,1,0,1,0,1,4
1142973,3,2,1,15,0,4
1144717,0,1,1,3,0,4
1146388,1,2,1,10,0,5
1146486,3,3,0,14,0,4
1146628,0,3,1,10,0,0
1150025,0,1,0,13,0,2
1151950,3,0,1,10,4,4
1152423,0,3,1,14,0,1
1155384,0,1,0,11,0,4
1156866,0,1,0,5,5,3
1157151,2,3,0,19,0,5
1173339,0,3,0,20,0,0
1173724,1,2,0,17,0,6
1174041,0,1,1,12,4,6
1176643,0,1,1,11,5,2
1274779,0,3,1,14,0,6
1179622,0,3,0,19,1,4
1180823,1,3,1,9,0,5
1181031,3,3,0,16,0,4
1181289,0,3,0,20,6,1
1184231,3,1,0,7,4,2
1190002,0,2,0,13,0,2
1210127,0,1,0,10,4,1
1210252,0,3,1,10,0,5
1211263,0,2,0,13,4,1
1216392,0,3,0,16,4,4
1216464,0,1,1,13,4,5
1216680,0,2,1,17,0,0
1216734,0,1,0,5,3,0
1218824,1,1,0,13,4,4
1219330,0,3,0,16,0,4
1222020,2,2,0,14,0,1
1223360,0,3,1,6,0,5
1224152,0,3,1,10,0,4
1457496,0,3,0,13,0,2
1230109,0,1,1,12,6,0
1230874,3,1,1,11,0,5
1232813,2,2,1,6,0,4
1235105,0,3,1,15,0,1
1236676,0,3,0,16,0,5
1243356,0,2,1,11,6,0
1243566,1,3,1,16,0,5
1244238,3,2,1,15,3,4
1249396,0,2,0,15,0,2
1253641,0,3,1,15,0,1
1253690,0,1,1,14,4,6
1254426,0,1,1,10,5,0
1254578,0,2,0,7,4,5
1264838,0,2,1,12,4,6
1265072,3,2,0,12,0,5
1267469,0,2,1,9,4,6
1267485,0,1,0,7,4,0
1272099,3,1,1,11,3,5
1284978,0,3,0,17,4,0
1285209,1,1,1,0,5,2
1285279,3,3,0,19,0,1
1285908,0,1,1,6,0,2
1287628,0,1,0,15,4,6
1287967,0,3,0,20,0,2
1296264,1,2,0,3,3,6
1297298,1,3,0,19,0,2
1301099,0,2,0,19,0,5
1301120,0,1,1,10,1,5
1301969,2,3,0,15,0,2
1302596,0,3,1,13,6,2
1305283,0,3,0,13,0,0
1308921,3,1,1,14,6,6
1308942,0,1,1,12,6,6
1313461,0,2,1,7,0,5
1315366,2,2,0,10,4,5
1315846,0,2,0,12,0,5
1318615,1,1,1,12,0,6
1319151,0,3,0,16,0,0
1319953,0,3,1,12,0,1
1322886,3,1,1,1,6,4
1324528,3,1,0,11,0,5
1325567,1,3,0,10,0,4
1326815,2,3,0,14,0,4
1328584,0,2,1,0,5,0
1334654,0,3,1,1,0,5
1335396,0,3,1,15,1,4
1335732,2,3,1,15,0,0
1337116,0,1,0,11,0,1
1337518,0,3,1,16,0,1
1339075,3,1,0,7,4,4
1339859,4,3,0,16,0,4
1340681,0,2,0,12,0,6
1341509,0,2,0,11,4,2
1342886,2,3,1,15,0,5
1345158,0,1,0,13,0,5
1346040,0,3,0,11,0,4
1351321,0,1,1,0,1,2
1352313,0,2,1,16,6,1
1352853,0,1,1,4,0,4
1357271,0,1,1,7,3,4
1366527,0,3,1,14,0,4
1445337,1,2,1,12,0,2
1372776,2,3,1,19,0,0
1372783,0,2,1,6,0,4
1372900,0,3,1,6,0,0
1388069,0,1,1,2,4,2
1390230,0,2,0,19,5,1
1392529,4,1,1,12,1,1
1393775,0,3,0,14,0,2
1395089,0,2,0,12,4,6
1395728,0,3,0,12,0,1
1396123,0,2,1,9,0,2
1396126,0,2,0,10,0,4
1399437,0,1,0,0,4,0
1400704,0,1,0,11,0,2
1408504,0,3,1,7,0,6
1409363,0,2,1,14,4,0
1412743,0,2,1,5,3,4
1414764,0,2,0,3,0,0
1419670,0,3,0,9,4,2
1423147,0,3,1,7,0,6
1425267,0,3,0,11,0,2
1425270,1,0,0,0,5,3
1425630,0,1,0,7,4,0
1425816,0,1,1,10,0,1
1426708,0,3,0,16,0,0
1429305,1,3,1,12,0,6
1429550,0,3,0,17,1,2
1429606,1,2,0,16,0,1
1429959,0,2,0,4,0,6
1430000,1,2,0,15,0,6
1430007,3,1,0,17,0,4
1433676,0,3,1,13,5,6
1433802,0,3,0,20,1,2
1434797,0,1,0,3,0,2
1435883,0,1,1,13,0,4
1435891,3,0,1,0,3,6
1436085,0,2,0,7,4,4
1437021,3,0,1,11,1,6
1487256,0,0,0,12,4,4
1439051,3,3,1,12,0,6
1440535,0,2,0,14,0,5
1440863,0,2,0,8,0,5
1441347,1,3,1,19,0,6
1441507,0,3,0,17,4,0
1442268,0,2,1,2,5,1
1444926,0,2,0,12,0,1
1450690,3,3,0,13,4,6
1451318,0,2,1,12,0,2
1451847,0,3,0,18,0,4
1452578,0,2,1,15,0,1
1453723,0,2,0,11,1,0
1463356,1,2,0,20,0,1
1464497,0,2,0,11,0,1
1468752,0,0,1,7,4,6
1468829,0,3,1,20,0,5
1469571,0,3,0,19,4,4
1470339,0,3,1,6,4,0
1470866,0,1,1,14,6,5
1567083,0,2,1,15,3,2
1471906,4,2,1,11,1,4
1475209,0,2,1,11,0,1
1476394,0,1,0,7,0,4
1478323,1,0,1,8,0,6
1479685,1,0,1,0,3,6
1480001,0,2,0,13,1,2
1480016,0,2,1,10,6,2
1480028,3,2,1,16,4,6
1481004,1,2,1,4,4,5
1484040,4,3,1,16,4,6
1485239,0,2,0,20,0,0
1485713,0,1,1,10,0,1
1488010,0,3,0,5,0,2
1491182,3,2,0,14,4,6
1498544,0,3,1,8,0,0
1500825,0,3,1,17,0,2
1501141,3,2,1,9,0,4
1501279,0,3,0,12,0,1
1502881,0,2,1,17,4,1
1503066,0,2,0,15,0,4
1503201,0,3,1,15,4,4
1503303,0,2,1,18,0,0
1503603,1,2,1,6,0,5
1504222,0,3,0,17,0,4
1504732,0,2,1,9,0,0
1514636,0,2,0,16,0,4
1523136,3,3,0,16,0,4
1526116,3,2,1,15,0,4
1541221,3,1,1,14,0,5
1542789,0,3,0,19,0,1
1543759,0,3,0,13,0,1
1544249,0,3,1,16,0,1
1544543,3,0,0,10,0,4
1547723,0,3,1,17,1,4
1547834,0,1,1,20,0,0
1548164,1,0,1,0,3,2
1550317,2,3,1,17,4,1
1550850,0,3,1,17,4,6
1551257,4,1,0,6,0,4
1553246,0,2,1,7,6,5
1555856,1,2,1,10,4,5
1560086,3,3,0,16,0,0
1560153,1,3,0,17,4,2
1560465,0,2,1,10,0,1
